Authors,Title,Year,Source title,Cited by,DOI Link,Authors with affiliations,Author Keywords,Index Keywords
Subramanian A.; Shamsi F.; Najafizadeh L.,On the Reliability of Frequency-Domain Features for fNIRS BCIs in the Presence of Pain,2021,"2021 IEEE Signal Processing in Medicine and Biology Symposium, SPMB 2021 - Proceedings",5,https://www.scopus.com/pages/publications/85125332106?origin=resultslist,"Subramanian A., Rutgers University, Department of Electrical and Computer Engineering, Piscataway, NJ, United States; Shamsi F., Northeastern University, Department of Psychology, Boston, MA, United States; Najafizadeh L., Rutgers University, Department of Electrical and Computer Engineering, Piscataway, NJ, United States",,Brain computer interface; Calculations; Classification (of information); Health; Infrared devices; Near infrared spectroscopy; Support vector machines; Arithmetic tasks; Classification accuracy; Domain feature; Frequency domains; Frequency-domain parameters; Functional near infrared spectroscopy; Infrared spectroscopy signals; Mental arithmetic; Motor-cortex; Prefrontal cortex; Frequency domain analysis
Dobkin B.H.; Dorsch A.,New evidence for therapies in stroke rehabilitation topical collection on cardiovascular disease and stroke,2013,Current Atherosclerosis Reports,113,https://www.scopus.com/pages/publications/84996484006?origin=resultslist,"Dobkin B.H., Department of Neurology, Geffen School of Medicine, University of California Los Angeles, Los Angeles, CA, United States; Dorsch A., Department of Neurology, Geffen School of Medicine, University of California Los Angeles, Los Angeles, CA, United States",Clinical trials; Functional outcomes; Neuroplasticity; Physical therapy; Robotics; Stroke rehabilitation,Activities of Daily Living; Clinical Trials as Topic; Electric Stimulation Therapy; Exercise Therapy; Humans; Neuromuscular Agents; Neuronal Plasticity; Orthopedic Equipment; Physical Therapy Modalities; Recovery of Function; Robotics; Stroke; amphetamine; antiinflammatory agent; baclofen; botulinum toxin; etanercept; fluoxetine; memantine; ropinirole; rotigotine; tizanidine; muscle relaxant agent; acupuncture; aphasia; arm movement; article; attention disturbance; balance training; body weight supported treadmill training; brain computer interface; cerebrovascular accident; clinical trial (topic); cognitive rehabilitation; communication software; computer based compensatory therapy; computer program; constraint induced therapy; daily life activity; disability; evidence based medicine; fitness; functional assessment; functional electrical stimulation; grip strength; hemianopia; hemiparesis; hemispatial neglect; human; hyperbaric oxygen; independent living; locked in syndrome; medical education; motor control; movement therapy; muscle strength; muscle training; nerve cell plasticity; nerve stimulation; nervous system; neurologic disease; neuromuscular function; nonhuman; outcome assessment; over ground gait training; paresis; patient participation; physiotherapy; psoriatic arthritis; rehabilitation care; rehabilitation equipment; rheumatoid arthritis; robotic gait assist device; self care; shoulder pain; spasticity; speech therapy; stem cell transplantation; survivor; transcranial direct current stimulation; treatment duration; virtual reality; visual field defect; walking; convalescence; electrotherapy; kinesiotherapy; nerve cell plasticity; orthopedic equipment; physiotherapy; procedures; robotics; Stroke
Rao S.; Chiao J.-C.,Body electric: Wireless power transfer for implant applications,2015,IEEE Microwave Magazine,69,https://www.scopus.com/pages/publications/84923164531?origin=resultslist,"Rao S., Department of Electrical Engineering, University of Texas at Arlington, United States; Chiao J.-C., Department of Electrical Engineering, University of Texas at Arlington, United States",,Audition; Brain computer interface; Cells; Cochlear implants; Disease control; Electroencephalography; Electrophysiology; Energy transfer; Histology; Inductive power transmission; Interfaces (computer); Medical computing; Muscle; Neurology; Neurons; Pacemakers; Restoration; Surgery; Central nervous systems; Deep brain stimulation; Electrical activities; Electrical stimulations; Evoked potential response; Parkinson's disease; Physiological functions; Wireless power transfer; Brain
Yanagisawa T.; Fukuma R.; Seymour B.; Tanaka M.; Hosomi K.; Yamashita O.; Kishima H.; Kamitani Y.; Saitoh Y.,BCI training to move a virtual hand reduces phantom limb pain: A randomized crossover trial,2020,Neurology,24,https://www.scopus.com/pages/publications/85088847532?origin=resultslist,"Yanagisawa T., Institute for Advanced Co-Creation Studies, Osaka University, Japan, Department of Neurosurgery, Osaka University Graduate School of Medicine, Japan, Department of Neuroinformatics, Atr Computational Neuroscience Laboratories, Kyoto, Japan; Fukuma R., Institute for Advanced Co-Creation Studies, Osaka University, Japan, Department of Neuroinformatics, Atr Computational Neuroscience Laboratories, Kyoto, Japan; Seymour B., Computational and Biological Learning Laboratory, Department of Engineering, University of Cambridge, United Kingdom, Center for Information and Neural Networks, National Institute for Information and Communications Technology, Osaka, Japan; Tanaka M., Institute for Advanced Co-Creation Studies, Osaka University, Japan; Hosomi K., Institute for Advanced Co-Creation Studies, Osaka University, Japan, Department of Neuromodulation and Neurosurgery, Osaka University Graduate School of Medicine, Japan; Yamashita O., Riken Center for Advanced Intelligence Project, Tokyo, Japan, Department of Computational Brain Imaging, Atr Neural Information Analysis Laboratories, Kyoto, Japan; Kishima H., Institute for Advanced Co-Creation Studies, Osaka University, Japan; Kamitani Y., Graduate School of Informatics, Kyoto University, Japan; Saitoh Y., Institute for Advanced Co-Creation Studies, Osaka University, Japan, Department of Neuromodulation and Neurosurgery, Osaka University Graduate School of Medicine, Japan, Department of Neuroinformatics, Atr Computational Neuroscience Laboratories, Kyoto, Japan",,Adult; Aged; Brain-Computer Interfaces; Cross-Over Studies; Hand; Humans; Imagination; Magnetoencephalography; Male; Middle Aged; Motor Cortex; Movement; Phantom Limb; Robotics; adult; aged; analgesia; arm amputation; arm pain; Article; avulsion injury; brachial plexus injury; chronic pain; clinical article; controlled study; crossover procedure; follow up; hand movement; human; magnetoencephalography; male; middle aged; motor cortex; phantom pain; priority journal; randomized controlled trial; single blind procedure; virtual reality; visual analog scale; brain computer interface; hand; imagination; movement (physiology); pathophysiology; phantom limb; physiology; robotics
Zhang J.-G.; Xie H.-T.; Yang A.-C.,Neuromodulation: clinical advances and future perspectives; [神 经 调 控 技 术 临 床 应 用 进 展 与 展 望],2025,Chinese Journal of Contemporary Neurology and Neurosurgery,4,https://www.scopus.com/pages/publications/85217231419?origin=resultslist,"Zhang J.-G., Center of Neurosurgery, Beijing Tiantan Hospital, Beijing Neurosurgical Institute, Beijing Key Laboratory of Neurostimulation, Capital Medical University, Beijing, 100070, China, National Engineering Research Center for Neuromodulation, Beijing, 100084, China; Xie H.-T., Center of Neurosurgery, Beijing Tiantan Hospital, Beijing Neurosurgical Institute, Beijing Key Laboratory of Neurostimulation, Capital Medical University, Beijing, 100070, China, National Engineering Research Center for Neuromodulation, Beijing, 100084, China; Yang A.-C., Center of Neurosurgery, Beijing Tiantan Hospital, Beijing Neurosurgical Institute, Beijing Key Laboratory of Neurostimulation, Capital Medical University, Beijing, 100070, China, National Engineering Research Center for Neuromodulation, Beijing, 100084, China",Neuromodulation (not in MeSH); Neurosurgery; Review,Article; Chinese; clinical effectiveness; clinical practice; cognitive defect; epilepsy; medical research; medical technology; motor dysfunction; neuromodulation; neurorehabilitation; pain
Correa-Agudelo E.; Hernández A.M.; Ferrin C.; Gomez J.D.,ViLimbs: Improving phantom limb treatment through multisensory feedback,2015,Conference on Human Factors in Computing Systems - Proceedings,7,https://www.scopus.com/pages/publications/84954226234?origin=resultslist,"Correa-Agudelo E., Center for Bioinformatics and Computational Biology, Manizales, Colombia; Hernández A.M., Center for Bioinformatics and Computational Biology, Manizales, Colombia; Ferrin C., Center for Bioinformatics and Computational Biology, Manizales, Colombia; Gomez J.D., Center for Bioinformatics and Computational Biology, Manizales, Colombia",Augmented reality; Computer vision; Multisensory feedback; Myoelectric signals; Neurorehabilitation; Phantom limb pain,Artificial limbs; Augmented reality; Brain computer interface; Computer vision; Human computer interaction; Human engineering; Interfaces (computer); Medical computing; Patient treatment; Virtual reality; Anti personnel mines; Mirror therapies; Multi-sensory feedback; Myoelectric signals; Neurorehabilitation; Phantom limb pains; Rehabilitation strategy; Voluntary movement; Patient rehabilitation
Gharabaghi A.; Naros G.; Walter A.; Grimm F.; Schuermeyer M.; Roth A.; Bogdan M.; Rosenstiel W.; Birbaumer N.,From assistance towards restoration with epidural brain-computer interfacing,2014,Restorative Neurology and Neuroscience,34,https://www.scopus.com/pages/publications/84923224567?origin=resultslist,"Gharabaghi A., Division of Functional and Restorative Neurosurgery, Division of Translational Neurosurgery, Department of Neurosurgery Eberhard Karls University, Otfried-Mueller-Str. 45, Tuebingen, 72076, Germany, Neuroprosthetics Research Group, Werner Reichardt Centre for Integrative Neuroscience, Eberhard Karls University Tuebingen, Tuebingen, Germany; Naros G., Division of Functional and Restorative Neurosurgery, Division of Translational Neurosurgery, Department of Neurosurgery Eberhard Karls University, Otfried-Mueller-Str. 45, Tuebingen, 72076, Germany, Neuroprosthetics Research Group, Werner Reichardt Centre for Integrative Neuroscience, Eberhard Karls University Tuebingen, Tuebingen, Germany; Walter A., Department of Computer Engineering, Wilhelm-Schickard Institute for Computer Science, Eberhard Karls University Tuebingen, Tuebingen, Germany; Grimm F., Division of Functional and Restorative Neurosurgery, Division of Translational Neurosurgery, Department of Neurosurgery Eberhard Karls University, Otfried-Mueller-Str. 45, Tuebingen, 72076, Germany, Neuroprosthetics Research Group, Werner Reichardt Centre for Integrative Neuroscience, Eberhard Karls University Tuebingen, Tuebingen, Germany; Schuermeyer M., Division of Functional and Restorative Neurosurgery, Division of Translational Neurosurgery, Department of Neurosurgery Eberhard Karls University, Otfried-Mueller-Str. 45, Tuebingen, 72076, Germany, Neuroprosthetics Research Group, Werner Reichardt Centre for Integrative Neuroscience, Eberhard Karls University Tuebingen, Tuebingen, Germany; Roth A., Department of Computer Engineering, Wilhelm-Schickard Institute for Computer Science, Eberhard Karls University Tuebingen, Tuebingen, Germany; Bogdan M., Department of Computer Engineering, Wilhelm-Schickard Institute for Computer Science, Eberhard Karls University Tuebingen, Tuebingen, Germany, Department of Computer Engineering, University of Leipzig, Leipzig, Germany; Rosenstiel W., Department of Computer Engineering, Wilhelm-Schickard Institute for Computer Science, Eberhard Karls University Tuebingen, Tuebingen, Germany; Birbaumer N., Institute for Medical Psychology and Behavioural Neurobiology, Eberhard Karls, University Tuebingen, Tuebingen, Germany",brain-computer interface; brain-machine interface; Electrocorticography; epidural implant; neuroprosthetics; neurorehabilitation; stroke,Aged; Brain; Electroencephalography; Epidural Space; Humans; Magnetic Resonance Imaging; Male; Movement; Movement Disorders; Neurofeedback; Prostheses and Implants; Stroke; User-Computer Interface; aged; arm pain; Article; beta rhythm; brain computer interface; brain hemorrhage; case report; electric potential; electrocorticography; electrode implant; electroencephalogram; electroencephalograph; epidural implant; face pain; gamma rhythm; hand pain; hemiparesis; human; intractable pain; learning; male; motor control; motor cortex; motor dysfunction; muscle tone; neurofeedback; oscillation; priority journal; pyramidal tract; somatosensory cortex; thalamus; brain; cerebrovascular accident; complication; computer interface; electroencephalography; epidural space; movement (physiology); Movement Disorders; neurofeedback; nuclear magnetic resonance imaging; pathology; physiology; procedures; prostheses and orthoses
Xu R.; Jiang N.; Vuckovic A.; Hasan M.; Mrachacz-Kersting N.; Allan D.; Fraser M.; Nasseroleslami B.; Conway B.; Dremstrup K.; Farina D.,Movement-related cortical potentials in paraplegic patients: Abnormal patterns and considerations for BCI-rehabilitation,2014,Frontiers in Neuroengineering,35,https://www.scopus.com/pages/publications/84909985109?origin=resultslist,"Xu R., Department of Neurorehabilitation Engineering, University Medical Center Goettingen, Goettingen, Germany, Institute of Computer Science, Georg-August University, Goettingen, Germany; Jiang N., Department of Neurorehabilitation Engineering, University Medical Center Goettingen, Goettingen, Germany; Vuckovic A., School of Engineering, University of Glasgow, Glasgow, United Kingdom; Hasan M., School of Engineering, University of Glasgow, Glasgow, United Kingdom, Department of Biomedical Engineering, NED University of Engineering and Technology, Karachi, Pakistan; Mrachacz-Kersting N., Center for Sensory-Motor Interaction, Aalborg University, Aalborg, Denmark; Allan D., Queen Elizabeth National Spinal Injury Unit, Southern General Hospital, Glasgow, United Kingdom; Fraser M., Queen Elizabeth National Spinal Injury Unit, Southern General Hospital, Glasgow, United Kingdom; Nasseroleslami B., Department of Biomedical Engineering, University of Strathclyde, Glasgow, United Kingdom, Academic Unit of Neurology, Trinity College Dublin, Dublin, Ireland; Conway B., Department of Biomedical Engineering, University of Strathclyde, Glasgow, United Kingdom; Dremstrup K., Center for Sensory-Motor Interaction, Aalborg University, Aalborg, Denmark; Farina D., Department of Neurorehabilitation Engineering, University Medical Center Goettingen, Goettingen, Germany",BCI; Central neuropathic pain; EEG; Movement related cortical potentials; Spinal cord injury,adult; article; brain computer interface; brain electrophysiology; clinical article; controlled study; electroencephalogram; foot; hand; human; mental function; mental imagery; movement related cortical potential; neuropathic pain; paraplegia; rehabilitation; sensorimotor integration; task performance
Meneses-Claudio B.; Roman-Gonzalez A.,Study of the Brain Waves for the identification of the Basic Needs of Patients with Amyotrophic Lateral Sclerosis,2018,"Congreso Argentino de Ciencias de la Informatica y Desarrollos de Investigacion, CACIDI 2018",2,https://www.scopus.com/pages/publications/85060691690?origin=resultslist,"Meneses-Claudio B., Image Processing Research Laboratory (INTI-Lab), Universidad de Ciencias y Humanidades, Lima, Peru; Roman-Gonzalez A., Image Processing Research Laboratory (INTI-Lab), Universidad de Ciencias y Humanidades, Lima, Peru",ALS (Amyotrophic Lateral Sclerosis).; Basic Needs; BCI; Brainwaves; Cyton Board; Deisy Board; OpenBCI,Brain computer interface; MATLAB; Neurons; Amyotrophic lateral sclerosis; Basic Needs; Brain wave; Cyton Board; Deisy Board; OpenBCI; Neurodegenerative diseases
Takeuchi N.; Izumi S.-I.; Ota J.; Ueda J.,Neural Plasticity on Body Representations: Advancing Translational Rehabilitation,2016,Neural Plasticity,7,https://www.scopus.com/pages/publications/84991325511?origin=resultslist,"Takeuchi N., Department of Physical Medicine and Rehabilitation, Tohoku University Graduate School of Medicine, 2-1 Seiryo-cho, Aoba-ku, Sendai, 980-8575, Japan; Izumi S.-I., Department of Physical Medicine and Rehabilitation, Tohoku University Graduate School of Medicine, 2-1 Seiryo-cho, Aoba-ku, Sendai, 980-8575, Japan; Ota J., Research into Artifacts, Center for Engineering (RACE), University of Tokyo, 5-1-5 Kashiwa, Chiba, 277-8568, Japan; Ueda J., George W. Woodruff School of Mechanical Engineering, Georgia Institute of Technology, 771 Ferst Drive, Atlanta, 30332-0405, GA, United States",,Body Image; Electric Stimulation Therapy; Humans; Motor Cortex; Neuronal Plasticity; Phantom Limb; body image; brain computer interface; brain depth stimulation; Editorial; feedback system; functional connectivity; functional neuroimaging; human; maladjustment; nerve cell plasticity; neurorehabilitation; phantom pain; sensorimotor cortex; electrotherapy; motor cortex; nerve cell plasticity; pathophysiology; phantom limb; physiology
Trubachev V.V.,"Low-frequency neuronal oscillations as operant processing of the mechanisms of integration, conditioning, and plasticity",2013,Neuroscience and Behavioral Physiology,0,https://www.scopus.com/pages/publications/84886313881?origin=resultslist,"Trubachev V.V., Psychophysiology Laboratory, Moscow Open Social Academy, Mari Branch, 424006 Yoshkar-Ola, 22 A Solov'ev Street, Russian Federation",low-frequency neuronal oscillations; multicellular activity; neuron; nociceptive stimulation; operants; somatosensory cortex,algorithm; article; brain computer interface; brain damage; brain electrophysiology; cardiovascular system; cell population; cortical synchronization; feedback system; frequency modulation; human; instrumental conditioning; motoneuron; motor control; motor cortex; nerve cell plasticity; nerve cell stimulation; nervous system electrophysiology; neurophysiology; nociception; nociceptive stimulation; nonhuman; pain threshold; reinforcement; sensory nerve cell; somatosensory cortex
Nath R.K.; Somasundaram C.,Double Fascicular Nerve Transfer Restored Nearly Normal Functional Movements in a Completely Paralyzed Upper Extremity Resulting from an ACDF Surgery: A Case Report and Review of Recent Literature,2023,American Journal of Case Reports,1,https://www.scopus.com/pages/publications/85153341105?origin=resultslist,"Nath R.K., Department of Research, Texas Nerve and Paralysis Institute, Houston, TX, United States; Somasundaram C., Department of Research, Texas Nerve and Paralysis Institute, Houston, TX, United States","Brachial Plexus Neuropathies; Cervical Spine Fusion Anomalies; Nerve Transfer; Range of Motion, Articular","Brachial Plexus; Female; Humans; Middle Aged; Muscle, Skeletal; Nerve Transfer; Paralysis; Upper Extremity; cyanoacrylic acid octyl ester; hemostatic agent; abduction; adult; anterior cervical discectomy and fusion; Article; atrophy; biceps brachii muscle; brachial plexus injury; case report; clinical article; complex regional pain syndrome; daily life activity; deltoid muscle; discectomy; double fascicular ernve transfer; elbow flexion; electric conductivity; electrodiagnosis; electroencephalogram; electromyogram; exercise; female; follow up; human; latissimus dorsi muscle; middle aged; muscle contracture; musculocutaneous nerve; nerve cell network; nerve transplantation; neurolysis; nuclear magnetic resonance imaging; physiotherapy; radiculopathy; range of motion; triceps brachii muscle; upper limb paralysis; X ray; brachial plexus; paralysis; procedures; skeletal muscle; upper limb"
Wang R.; Zhu J.; Zhang J.; Ma Y.; Jiang H.,Psychological assessments of a senile patient with tetraplegia who received brain-computer interface implantation: a case report,2022,Neurological Sciences,4,https://www.scopus.com/pages/publications/85119682428?origin=resultslist,"Wang R., Department of Neurosurgery, Second Affiliated Hospital of Zhejiang University School of Medicine, Hangzhou, 310009, China; Zhu J., Department of Neurosurgery, Second Affiliated Hospital of Zhejiang University School of Medicine, Hangzhou, 310009, China; Zhang J., Department of Neurosurgery, Second Affiliated Hospital of Zhejiang University School of Medicine, Hangzhou, 310009, China; Ma Y., Department of Psychiatry, Second Affiliated Hospital of Zhejiang University School of Medicine, Hangzhou, 310009, China; Jiang H., Department of Neurosurgery, Second Affiliated Hospital of Zhejiang University School of Medicine, Hangzhou, 310009, China",Brain-computer interface; Cognition; Emotion; Social support; Tetraplegia,Aged; Brain-Computer Interfaces; Humans; Male; Quadriplegia; Quality of Life; Sleep; antidiabetic agent; olanzapine; paracetamol; zolpidem tartrate; aged; anxiety; Article; case report; clinical article; cognition; cognitive defect; depression; dislocation; emotion; emotional well-being; geriatric patient; Hamilton Anxiety Scale; Hamilton Depression Rating Scale; human; low drug dose; male; mania; massachusetts general hospital cognitive and physical functioning questionnaire; memorial university of newfoundland scale of happiness; mental health; Mini Mental State Examination; Montgomery Asberg Depression Rating Scale; Montreal cognitive assessment; neck injury; perceived deficits questionnaire depression; Pittsburgh Sleep Quality Index; postoperative pain; primary motor cortex; psychologic assessment; psychologic test; quadriplegia; quality of life; sleep; sleep disorder; sleep quality; social support; social support review scale; WHOQOL-BREF; brain computer interface; quadriplegia
Saif M.G.M.; Sushkova L.; Fraser M.,Evaluation of Neurofeedback Therapy for Treatment of Central Neuropathic Pain in Paraplegic Patients Using Deep Learning,2023,SN Computer Science,2,https://www.scopus.com/pages/publications/85167405153?origin=resultslist,"Saif M.G.M., Department of Electronics, Instrumentation and Biotechnical Systems, Vladimir State University named after Alexander and Nikolay Stoletovs, Vladimir, Russian Federation; Sushkova L., Department of Electronics, Instrumentation and Biotechnical Systems, Vladimir State University named after Alexander and Nikolay Stoletovs, Vladimir, Russian Federation; Fraser M., Queen Elizabeth National Spinal Injuries Unit, Southern General Hospital, Glasgow, United Kingdom",Deep learning; Electroencephalography; Motor imagery; Neurofeedback training; Neuropathic pain; ResNet50,
Grishin A.A.; Moshonkina T.R.; Solopova I.A.; Gorodnichev R.M.; Gerasimenko Y.P.,A Five-Channel Noninvasive Electrical Stimulator of the Spinal Cord for Rehabilitation of Patients with Severe Motor Disorders,2017,Biomedical Engineering,22,https://www.scopus.com/pages/publications/85028272864?origin=resultslist,"Grishin A.A., Pavlov Institute of Physiology, Russian Academy of Sciences, St. Petersburg, Russian Federation, Kosima, Ltd, Moscow, Russian Federation; Moshonkina T.R., Pavlov Institute of Physiology, Russian Academy of Sciences, St. Petersburg, Russian Federation, Kosima, Ltd, Moscow, Russian Federation; Solopova I.A., Kosima, Ltd, Moscow, Russian Federation, Kharkevich Institute for Information Transmission Problems, Russian Academy of Sciences, Moscow, Russian Federation; Gorodnichev R.M., Velikie Luki State Academy of Physical Culture and Sports, Velikie Luki, Russian Federation; Gerasimenko Y.P., Pavlov Institute of Physiology, Russian Academy of Sciences, St. Petersburg, Russian Federation, Kosima, Ltd, Moscow, Russian Federation",,Diagnosis; Electrical stimulations; Electrical stimulators; Lumbar regions; Spinal cords; amplitude modulation; amplitude modulator; Article; brain computer interface; depolarization; human; leg movement; male; motor dysfunction; motor evoked potential; nerve excitability; neuromuscular electrical stimulation; normal human; priority journal; signal processing; spinal cord stimulation; transcranial direct current stimulation; Patient rehabilitation
Machado A.,New frontier: The brain machine interface,2013,Neuromodulation,2,https://www.scopus.com/pages/publications/84873369568?origin=resultslist,"Machado A., Department of Neurosurgery, Cleveland Clinic, Cleveland, OH, United States",,Animals; Brain-Computer Interfaces; Humans; algorithm; article; brain computer interface; brain cortex; brain depth stimulation; brain machine interface; chronic pain; computer system; daily life activity; electroencephalogram; electromyography; electrostimulation; extensor digitorum communis; flexor carpi radialis; human; motor control; motor cortex; muscle; muscle contraction; neuromodulation; neuromuscular synapse; nonhuman; physical activity; quadriplegia; spinal cord injury; task performance; traumatic brain injury; ulnar nerve
Subramanian A.; Shamsi F.; Najafizadeh L.,Investigation of the performance of fnirs-based bcis for assistive systems in the presence of acute pain,2023,Signal Processing in Medicine and Biology: Innovations in Big Data Processing,2,https://www.scopus.com/pages/publications/85159226605?origin=resultslist,"Subramanian A., Department of Electrical and Computer Engineering, Rutgers University, Piscataway, NJ, United States; Shamsi F., Department of Psychology, Northeastern University, Boston, MA, United States; Najafizadeh L., Department of Electrical and Computer Engineering, Rutgers University, Piscataway, NJ, United States",Assistive devices; Brain-computer interface (BCI); Convolutional neural networks (CNN); Functional near-infrared spectroscopy (fNIRS); Pain; Support vector machine (SVM),
Abrams Z.,The Future of Brain-Computer Interfaces,2022,IEEE Pulse,1,https://www.scopus.com/pages/publications/85147603249?origin=resultslist,"Abrams Z., Neuroscience",,Brain; Brain-Computer Interfaces; Electroencephalography; Humans; Touch; Video Games; Computer games; Interfaces (computer); Brain damage; Ethical question; Recent progress; Technological innovation; Video-games; amyotrophic lateral sclerosis; Article; brain; brain damage; brain depth stimulation; cerebrovascular accident; depression; electroencephalogram; human; locked in syndrome; motor performance; phantom pain; quadriplegia; sensory feedback; somatosensory cortex; speech; spinal cord injury; telecommunication; touch; upper limb; video game; brain; brain computer interface; electroencephalography; video game; Brain computer interface
Biswas P.; Dodakian L.; Wang P.T.; Johnson C.A.; See J.; Chan V.; Chou C.; Lazouras W.; McKenzie A.L.; Reinkensmeyer D.J.; Nguyen D.V.; Cramer S.C.; Do A.H.; Nenadic Z.,"A single-center, assessor-blinded, randomized controlled clinical trial to test the safety and efficacy of a novel brain-computer interface controlled functional electrical stimulation (BCI-FES) intervention for gait rehabilitation in the chronic stroke population",2024,BMC Neurology,17,https://www.scopus.com/pages/publications/85196137981?origin=resultslist,"Biswas P., Department of Biomedical Engineering, University of California, Irvine, United States; Dodakian L., Department of Rehabilitation Services, University of California at Irvine Medical Center, Orange, United States; Wang P.T., Department of Biomedical Engineering, University of California, Irvine, United States; Johnson C.A., Department of Biomedical Engineering, University of California, Irvine, United States; See J., Department of Rehabilitation Services, University of California at Irvine Medical Center, Orange, United States; Chan V., Department of Rehabilitation Services, University of California at Irvine Medical Center, Orange, United States; Chou C., Department of Rehabilitation Services, University of California at Irvine Medical Center, Orange, United States; Lazouras W., Department of Rehabilitation Services, University of California at Irvine Medical Center, Orange, United States, Department of Epidemiology and Biostatistics, University of California, Irvine, United States; McKenzie A.L., Department of Neurology, University of California, Irvine, United States, Department of Physical Therapy, Chapman University, Orange, United States; Reinkensmeyer D.J., Department of Anatomy and Neurobiology, University of California, Irvine, United States, Department of Mechanical and Aerospace Engineering, University of California, Irvine, United States; Nguyen D.V., Department of General Internal Medicine, University of California, Irvine, United States; Cramer S.C., Department of Neurology, University of California, Los Angeles, United States, California Rehabilitation Institute, Los Angeles, United States; Do A.H., Department of Neurology, University of California, Irvine, United States; Nenadic Z., Department of Biomedical Engineering, University of California, Irvine, United States, Department of Electrical Engineering and Computer Science, University of California, Irvine, United States",Brain plasticity; Brain-computer interface; Electroencephalography; Functional electrical stimulation; Gait velocity; Lower extremity rehabilitation; Motor learning; Neurorehabilitation; Stroke,"Adult; Aged; Brain-Computer Interfaces; Chronic Disease; Electric Stimulation Therapy; Female; Gait; Gait Disorders, Neurologic; Humans; Male; Middle Aged; Single-Blind Method; Stroke; Stroke Rehabilitation; Treatment Outcome; mephenoxalone; placebo; adult; ankle sprain; aphasia; Article; Barthel index; Berg Balance Scale; brain hemorrhage; cerebrovascular accident; cognition; cognitive defect; controlled study; cranioplasty; daily life activity; deep vein thrombosis; depression; diastolic blood pressure; drug efficacy; drug safety; dyspnea; electroencephalogram; electroencephalography; electromyography; electrostimulation; feasibility study; functional electrical stimulation; gait; Geriatric Depression Scale; goniometry; hospitalization; human; intervention study; joint function; kinematics; longitudinal study; lung embolism; male; mental disease; Mini Mental State Examination; mobilization; muscle strength; muscle training; National Institutes of Health Stroke Scale; nuclear magnetic resonance imaging; outcome assessment; peroneus nerve paralysis; phase 2 clinical trial; physical activity; physiotherapy; quality of life; randomized controlled trial; randomized controlled trial (topic); range of motion; rating scale; six minute walk test; thorax pain; training; visual analog scale; walking; walking speed; aged; brain computer interface; cerebrovascular accident; chronic disease; complication; electrotherapy; etiology; female; gait; middle aged; neurologic gait disorder; pathophysiology; physiology; procedures; rehabilitation; single blind procedure; stroke rehabilitation; treatment outcome"
Whitsitt Q.; Saxena A.; Patel B.; Evans B.M.; Hunt B.; Purcell E.K.,Spatial transcriptomics at the brain-electrode interface in rat motor cortex and the relationship to recording quality,2024,Journal of Neural Engineering,6,https://www.scopus.com/pages/publications/85200275166?origin=resultslist,"Whitsitt Q., Department of Biomedical Engineering, Institute of Quantitative Health Science and Engineering, Michigan State University, East Lansing, 48824, MI, United States; Saxena A., Department of Electrical and Computer Engineering, Michigan State University, East Lansing, 48824, MI, United States; Patel B., Department of Biomedical Engineering, Institute of Quantitative Health Science and Engineering, Michigan State University, East Lansing, 48824, MI, United States; Evans B.M., Department of Biomedical Engineering, Institute of Quantitative Health Science and Engineering, Michigan State University, East Lansing, 48824, MI, United States; Hunt B., Department of Biomedical Engineering, Institute of Quantitative Health Science and Engineering, Michigan State University, East Lansing, 48824, MI, United States; Purcell E.K., Department of Biomedical Engineering, Institute of Quantitative Health Science and Engineering, Michigan State University, East Lansing, 48824, MI, United States, Department of Electrical and Computer Engineering, Michigan State University, East Lansing, 48824, MI, United States",differential gene expression; electrophysiology; foreign body reaction; microelectrode implants; spatial transcriptomics,"Animals; Brain-Computer Interfaces; Electrodes, Implanted; Male; Microelectrodes; Motor Cortex; Neurons; Rats; Rats, Sprague-Dawley; Transcriptome; Biomarkers; Brain; Cell death; Electrophysiology; Gene expression; Neurons; Rats; Tissue; beta 2 microglobulin; biological marker; bupivacaine; calvasculin; carrier protein; chitinase 3 like protein 1; complement C1q b chain; complement component C1q; complement component C3; complementary DNA; fatty acid binding protein 7; Fc receptor; fc receptor like 2; ferritin; ferritin light polypeptide 1; galectin 3; glial fibrillary acidic protein; heat shock protein 27; isoflurane; lipocalin; lysozyme; lysozyme 2; meloxicam; membrane protein; messenger RNA; metallothionein II; mt2a protein; neuron specific nuclear protein; osteopontin; protein; ribonuclease T2; ribosomal protein L38; ribosomal protein SA; ribosome protein; serping family G member 1; snap25 protein; somatomedin binding protein 2; translocator protein; transmembrane immune signaling adaptor tyrobp; transmembrane protein 176a; unclassified drug; transcriptome; Differential gene expressions; Differentially expressed gene; Electrophysiological recordings; Foreign body reactions; Implanted electrodes; Microelectrode implant; Rat motor cortex; Spatial transcriptomic; Tissue response; Transcriptomics; adult; animal experiment; animal model; animal tissue; antibody labeling; Article; astrocyte; brain electrophysiology; brain tissue; cell proliferation; comparative study; controlled study; differential gene expression; electrode implantation; electrophysiological procedures; gene identification; glia; histology; immunohistochemistry; local field potential; male; motor cortex; nerve cell; nonhuman; postoperative analgesia; postoperative pain; quantitative analysis; rat; RNA sequencing; tissue reaction; tissue section; transcriptomics; animal; brain computer interface; electrode implant; metabolism; microelectrode; motor cortex; physiology; Sprague Dawley rat; Microelectrodes"
Osuagwu B.A.; Zych M.; Vuckovic A.,Is implicit motor imagery a reliable strategy for a brain–computer interface?,2017,IEEE Transactions on Neural Systems and Rehabilitation Engineering,17,https://www.scopus.com/pages/publications/85023766997?origin=resultslist,"Osuagwu B.A., Centre for Rehabilitation Engineering, University of Glasgow, Glasgow, G12 8QQ, United Kingdom, Stoke Mandeville Spinal Research, National Spinal Injuries Centre, Stoke Mandeville Hospital, Buckinghamshire NHS Trust, Aylesbury, HP21 8AL, United Kingdom; Zych M., Centre for Rehabilitation Engineering, University of Glasgow, Glasgow, G12 8QQ, United Kingdom, School of Electrical and Electronic Engineering, University College Dublin, Dublin, D04 V1W8, Ireland; Vuckovic A., Centre for Rehabilitation Engineering, University of Glasgow, Glasgow, G12 8QQ, United Kingdom",BCI; EEG; Mental rotation; Motor imagery; Sensorimotor cortex activation,Adult; Brain-Computer Interfaces; Electroencephalography; Female; Hand; Healthy Volunteers; Humans; Imagination; Judgment; Linear Models; Male; Movement; Reproducibility of Results; Rotation; Software; Stroke Rehabilitation; Young Adult; Computers; Electrodes; Electroencephalography; Electrophysiology; Flow visualization; Interfaces (computer); Mental rotation; Motor imagery; Pain; Sensorimotor cortex; Spinal cord injuries (SCI); accuracy; adult; algorithm; Article; brain computer interface; cerebrovascular accident; clinical trial; common spatial pattern; comparative study; decision making; discriminant analysis; electroencephalography; electrooculogram; explicit motor imagery; female; hand movement; human; human experiment; implicit motor imagery; independent component analysis; male; mathematical parameters; mental rotation test; muscle contraction; neurorehabilitation; normal human; questionnaire; sensorimotor cortex; signal processing; young adult; classification; hand; imagination; movement (physiology); physiology; procedures; reproducibility; rotation; software; statistical model; statistics and numerical data; stroke rehabilitation; Brain computer interface
Talakoub O.; Marquez-Chin C.; Popovic M.R.; Navarro J.; Fonoff E.T.; Hamani C.; Wong W.,Reconstruction of reaching movement trajectories using electrocorticographic signals in humans,2017,PLoS ONE,17,https://www.scopus.com/pages/publications/85029598520?origin=resultslist,"Talakoub O., Department of Electrical and Computer Engineering, University of Toronto, Toronto, Canada, Institute of Biomaterials and Biomedical Engineering, University of Toronto, Toronto, Canada; Marquez-Chin C., Rehabilitation Engineering Laboratory, Toronto Rehabilitation Institute, University Health Network, Toronto, Canada, Neural Engineering Laboratory, Toronto Rehabilitation Institute, University Health Network, Toronto, Canada; Popovic M.R., Institute of Biomaterials and Biomedical Engineering, University of Toronto, Toronto, Canada, Rehabilitation Engineering Laboratory, Toronto Rehabilitation Institute, University Health Network, Toronto, Canada; Navarro J., Division of Functional Neurosurgery, Institute of Psychiatry, Hospital das Clínicas, Department of Neurology, University of Sao Paulo Medical School, São Paulo, Brazil; Fonoff E.T., Division of Functional Neurosurgery, Institute of Psychiatry, Hospital das Clínicas, Department of Neurology, University of Sao Paulo Medical School, São Paulo, Brazil; Hamani C., Toronto Western Research Institute, University Health Network, Toronto, Canada; Wong W., Department of Electrical and Computer Engineering, University of Toronto, Toronto, Canada, Institute of Biomaterials and Biomedical Engineering, University of Toronto, Toronto, Canada",,"Adult; Arm; Biomechanical Phenomena; Brain-Computer Interfaces; Electrocorticography; Electrodes, Implanted; Electroencephalography; Electromyography; Female; Humans; Linear Models; Male; Middle Aged; Motor Cortex; Movement; adult; arm movement; Article; brain depth stimulation; chronic pain; clinical article; electrocorticography; electrode implant; electroencephalogram; electromyography; female; gamma rhythm; human; male; measurement accuracy; middle aged; motor cortex; movement (physiology); prediction; sensorimotor cortex; velocity; arm; biomechanics; brain computer interface; electroencephalography; movement (physiology); physiology; statistical model"
Bobrova E.V.; Reshetnikova V.V.; Vershinina E.A.; Grishin A.A.; Bobrov P.D.; Frolov A.A.; Gerasimenko Y.P.,"Success of hand movement imagination depends on personality traits, brain asymmetry, and degree of handedness",2021,Brain Sciences,14,https://www.scopus.com/pages/publications/85109148900?origin=resultslist,"Bobrova E.V., Pavlov Institute of Physiology, Russian Academy of Sciences, Saint-Petersburg, 199034, Russian Federation; Reshetnikova V.V., Pavlov Institute of Physiology, Russian Academy of Sciences, Saint-Petersburg, 199034, Russian Federation; Vershinina E.A., Pavlov Institute of Physiology, Russian Academy of Sciences, Saint-Petersburg, 199034, Russian Federation; Grishin A.A., Pavlov Institute of Physiology, Russian Academy of Sciences, Saint-Petersburg, 199034, Russian Federation; Bobrov P.D., Institute of Translational Medicine, Pirogov of Russian National Research Medical University, Moscow, 117997, Russian Federation, Institute of Higher Nervous Activity and Neurophysiology, Russian Academy of Sciences, Moscow, 117485, Russian Federation; Frolov A.A., Institute of Translational Medicine, Pirogov of Russian National Research Medical University, Moscow, 117997, Russian Federation, Institute of Higher Nervous Activity and Neurophysiology, Russian Academy of Sciences, Moscow, 117485, Russian Federation; Gerasimenko Y.P., Pavlov Institute of Physiology, Russian Academy of Sciences, Saint-Petersburg, 199034, Russian Federation, Department of Physiology and Biophysics, University of Louisville, Louisville, 40292, KY, United States, Kentucky Spinal Cord Injury Research Center, Frazier Rehab Institute, University of Louisville, UofL Health, Louisville, 40202, KY, United States",Brain-computer interface; Handedness; Interhemispheric asymmetry; Motor imagery; Neurorehabilitation; Personality traits; Psychology,dopamine; ketotifen fumarate; luteinizing hormone; adult; alpha rhythm; amyotrophic lateral sclerosis; anterior cingulate; anxiety; Article; brain asymmetry; brain region; cerebrovascular accident; clinical article; cognition; cytogenetics; electroencephalogram; electromyography; emotionality; endoscopic retrograde cholangiopancreatography; extraversion; gamma rhythm; goniometry; hand movement; handedness; human; imagery; imagination; knee; left handedness; Mini Mental State Examination; motor control; neuropathic pain; neuropsychological test; neurorehabilitation; personality; questionnaire; rehabilitation patient; spinal cord injury; thoracic spinal cord; training
Ma J.; Zhang D.; Zhao T.Y.; Liu X.X.; Wang J.; Lu L.; Wang Y.; Jin S.,Mechanism and application prospects of motor imagery in spinal cord injury,2022,Chinese Journal of Tissue Engineering Research,4,https://www.scopus.com/pages/publications/85130711360?origin=resultslist,"Ma J., Chengdu University of Traditional Chinese Medicine, Sichuan Province, Chengdu, 610036, China; Zhang D., Hospital of Chengdu University of Traditional Chinese Medicine, Sichuan Province, Chengdu, 610036, China; Zhao T.Y., Hospital of Chengdu University of Traditional Chinese Medicine, Sichuan Province, Chengdu, 610036, China; Liu X.X., Chengdu University of Traditional Chinese Medicine, Sichuan Province, Chengdu, 610036, China; Wang J., Chengdu University of Traditional Chinese Medicine, Sichuan Province, Chengdu, 610036, China; Lu L., Chengdu University of Traditional Chinese Medicine, Sichuan Province, Chengdu, 610036, China; Wang Y., Chengdu University of Traditional Chinese Medicine, Sichuan Province, Chengdu, 610036, China; Jin S., Chengdu University of Traditional Chinese Medicine, Sichuan Province, Chengdu, 610036, China, Hospital of Chengdu University of Traditional Chinese Medicine, Sichuan Province, Chengdu, 610036, China",brain-machine interface; magnetic resonance imaging; magnetoencephalography; motor imagery; neurological rehabilitation; rehabilitation research; review; spinal cord injury,Article; bladder function; brain region; central nervous system; convalescence; human; imagery; limb; memory; mental health; motion; motor performance; nerve cell plasticity; neuromuscular function; neuropathic pain; neurorehabilitation; spinal cord injury; systematic review
DePass M.; Falaki A.; Quessy S.; Dancause N.; Cos I.,A machine learning approach to characterize sequential movement-related states in premotor and motor cortices,2022,Journal of Neurophysiology,4,https://www.scopus.com/pages/publications/85130004202?origin=resultslist,"DePass M., Departament de Matemàtiques i Informàtica, Facultat de Matemàtiques i Informàtica, Universitat de Barcelona, Barcelona, Spain; Falaki A., Département de Neurosciences, Faculté de Médecine, Université de Montréal, Montreal, QC, Canada; Quessy S., Département de Neurosciences, Faculté de Médecine, Université de Montréal, Montreal, QC, Canada; Dancause N., Département de Neurosciences, Faculté de Médecine, Université de Montréal, Montreal, QC, Canada, Centre interdisciplinaire de recherche sur le cerveau et l’apprentissage (CIRCA), Université de Montréal, Montreal, QC, Canada; Cos I., Departament de Matemàtiques i Informàtica, Facultat de Matemàtiques i Informàtica, Universitat de Barcelona, Barcelona, Spain, Serra-Húnter Research Programme, Barcelona, Spain",brain-computer interfaces; local field potentials; motor control; movement decoding; neural coding,Animals; Brain-Computer Interfaces; Machine Learning; Microelectrodes; Motor Cortex; Movement; atropine; bone cement; buprenorphine; carprofen; dexamethasone; enrofloxacin; furane; gabapentin; isoflurane; ketamine; mannitol; adult; amplitude modulation; animal experiment; Article; brain region; classifier; controlled study; data accuracy; gold standard; grip strength; hemisphere; infection; inflammation; information retrieval; local field potential; machine learning; male; motor control; motor cortex; movement (physiology); nerve cell; nonhuman; pain; premotor cortex; primary motor cortex; reach to grasp task; rest; reward; rhesus monkey; salivation disorder; swelling; task performance; animal; brain computer interface; machine learning; microelectrode; movement (physiology); physiology
Ushiba J.,Brain-machine interface - Current status and future prospects,2010,Brain and Nerve,12,https://www.scopus.com/pages/publications/77249127552?origin=resultslist,"Ushiba J., Department of Biosciences and Informatics, Faculty of Science and Technology, Keio University, Kohoku-ku, Yokohama, Kanagawa 223-8522, 3-14-1 Hiyoshi, Japan, Department of Rehabilitation Medicine, Keio University, School of Medicine, Japan, Keio University, Tsukigase Rehabilitation Center, Japan",Electroencephalogram; Motor output; Neuroprosthetics; Neurorehabilitation; Noninvasive recording,"Brain; Electroencephalography; Humans; Nervous System Diseases; Signal Processing, Computer-Assisted; User-Computer Interface; accuracy; article; brain computer interface; controlled study; electrocorticography; electrode; electroencephalogram; epilepsy; human; invasive procedure; motor activity; motor cortex; myoelectric control; neuromuscular disease; neuromuscular system; neurophysiology; pain; sensorimotor cortex; validation process"
Mishler J.; Yun R.; Perlmutter S.; Rao R.P.N.; Fetz E.,Manipulation of neuronal activity by an artificial spiking neural network implemented on a closed-loop brain-computer interface in non-human primates,2025,Journal of Neural Engineering,0,https://www.scopus.com/pages/publications/105011278320?origin=resultslist,"Mishler J., Department of Bioengineering, University of Washington, Seattle, WA, United States, Center for Neurotechnology, University of Washington, Seattle, WA, United States; Yun R., Department of Bioengineering, University of Washington, Seattle, WA, United States, Center for Neurotechnology, University of Washington, Seattle, WA, United States; Perlmutter S., Department of Bioengineering, University of Washington, Seattle, WA, United States, Washington National Primate Research Center, University of Washington, Seattle, WA, United States, Department of Neurobiology & Biophysics, University of Washington, Seattle, WA, United States, Center for Neurotechnology, University of Washington, Seattle, WA, United States; Rao R.P.N., Paul G. Allen School of Computer Science and Engineering, University of Washington, Seattle, WA, United States, Center for Neurotechnology, University of Washington, Seattle, WA, United States; Fetz E., Department of Bioengineering, University of Washington, Seattle, WA, United States, Washington National Primate Research Center, University of Washington, Seattle, WA, United States, Department of Neurobiology & Biophysics, University of Washington, Seattle, WA, United States, Center for Neurotechnology, University of Washington, Seattle, WA, United States",brain-computer interface; closed-loop; intracortical microstimulation; spiking neural networks,"Action Potentials; Animals; Brain-Computer Interfaces; Macaca mulatta; Male; Motor Cortex; Neural Networks, Computer; Neurons; Bioactivity; Brain; Dynamics; Electrophysiology; Interfaces (computer); Mammals; Molecular biology; Neural networks; Neurons; Tin compounds; analgesic agent; antibiotic agent; Closed loop dynamic; Closed-loop; Fire units; Integrate and fires; Intracortical microstimulation; Microstimulation; Neural-networks; Non-human primate; Single neuron; Spiking neural network; adult; animal cell; animal experiment; animal tissue; Article; controlled study; craniotomy; decay time constant; excitatory postsynaptic potential; feedback system; firing rate; inhibitory postsynaptic potential; intracortical microstimulation; Macaca nemestrina; Markov chain; neocortex; nerve cell; nerve cell membrane potential; nerve stimulation; nonhuman; postoperative analgesia; postoperative pain; primary motor cortex; rest; spike wave; spiking neural network; action potential; animal; artificial neural network; brain computer interface; male; motor cortex; physiology; rhesus monkey; Brain computer interface"
Ang K.K.; Guan C.; Phua K.S.; Wang C.; Zhou L.; Tang K.Y.; Ephraim Joseph G.J.; Keong Kuah C.W.; Geok Chua K.S.,Brain-computer interface-based robotic end effector system for wrist and hand rehabilitation: Results of a three-armed randomized controlled trial for chronic stroke,2014,Frontiers in Neuroengineering,297,https://www.scopus.com/pages/publications/84905166755?origin=resultslist,"Ang K.K., Institute for Infocomm Research, Agency for Science, Technology and Research (ASTAR), Singapore; Guan C., Institute for Infocomm Research, Agency for Science, Technology and Research (ASTAR), Singapore; Phua K.S., Institute for Infocomm Research, Agency for Science, Technology and Research (ASTAR), Singapore; Wang C., Institute for Infocomm Research, Agency for Science, Technology and Research (ASTAR), Singapore; Zhou L., Institute for Infocomm Research, Agency for Science, Technology and Research (ASTAR), Singapore; Tang K.Y., Institute for Infocomm Research, Agency for Science, Technology and Research (ASTAR), Singapore; Ephraim Joseph G.J., Department of Rehabilitation Medicine, Tan Tock Seng Hospital, Singapore; Keong Kuah C.W., Department of Rehabilitation Medicine, Tan Tock Seng Hospital, Singapore; Geok Chua K.S., Department of Rehabilitation Medicine, Tan Tock Seng Hospital, Singapore",Brain-computer interface; Electroencephalography; Motor imagery; Robotic; Stroke rehabilitation,adult; adverse outcome; arm rehabilitation; article; body posture; brain computer interface; cerebrovascular accident; chronic disease; clinical article; clinical effectiveness; controlled study; disease duration; electroencephalography; female; Fugl Meyer Motor Assessment score; grip strength; hand pain; hand rehabilitation; Haptic Knob robot; hemiplegia; human; imagery; male; Motor imagery; outcome assessment; randomized controlled trial; rehabilitation; rehabilitation equipment; robotics; scoring system; shoulder pain; single blind procedure; therapy effect
He C.; Chen X.; Wang G.; Su J.,Brain-computer interface empowers athletic injury rehabilitation; [脑机接口赋能运动损伤康复],2024,Chinese Journal of Trauma,1,https://www.scopus.com/pages/publications/105005429319?origin=resultslist,"He C., Department of Orthopedics, Xinhua Hospital Affiliated to Shanghai Jiao Tong University School of Medicine, Shanghai, 200092, China; Chen X., Department of Orthopedics, Xinhua Hospital Affiliated to Shanghai Jiao Tong University School of Medicine, Shanghai, 200092, China; Wang G., Department of Orthopedics, Xinhua Hospital Affiliated to Shanghai Jiao Tong University School of Medicine, Shanghai, 200092, China; Su J., Department of Orthopedics, Xinhua Hospital Affiliated to Shanghai Jiao Tong University School of Medicine, Shanghai, 200092, China, Institute of Translational Medicine, Shanghai University, Shanghai, 200444, China","Artificial intelligence; Athletic injuries, rehabilitation; Brain-computer interface",
Llobera J.; González-Franco M.; Perez-Marcos D.; Valls-Solé J.; Slater M.; Sanchez-Vives M.V.,Virtual reality for assessment of patients suffering chronic pain: A case study,2013,Experimental Brain Research,44,https://www.scopus.com/pages/publications/84877033421?origin=resultslist,"Llobera J., EVENT Lab, University of Barcelona, Barcelona, Spain; González-Franco M., EVENT Lab, University of Barcelona, Barcelona, Spain; Perez-Marcos D., IDIBAPS Institut D Investigacions Biomèdiques August Pi i Sunyer, Barcelona, Spain; Valls-Solé J., IDIBAPS Institut D Investigacions Biomèdiques August Pi i Sunyer, Barcelona, Spain, Department of Neurology, Hospital Clínic, University of Barcelona, Barcelona, Spain; Slater M., EVENT Lab, University of Barcelona, Barcelona, Spain, Institució Catalana de Recerca i Estudis Avançats (ICREA), Barcelona, Spain; Sanchez-Vives M.V., IDIBAPS Institut D Investigacions Biomèdiques August Pi i Sunyer, Barcelona, Spain, Institució Catalana de Recerca i Estudis Avançats (ICREA), Barcelona, Spain, Departament de Psicologia Bàsica, University of Barcelona, Barcelona, Spain",Assessment; Body ownership; Immersive virtual reality; Pain,"Adult; Brain-Computer Interfaces; Calibration; Chronic Pain; Computer Graphics; Dystonia; Electroencephalography; Electromyography; Environment; Hand; Humans; Magnetic Resonance Imaging; Male; Muscle, Skeletal; Nervous System Diseases; Pain Measurement; Psychomotor Performance; Recovery of Function; Self Concept; User-Computer Interface; action potential; adult; article; brain computer interface; brain electrophysiology; brain function; chronic pain; clinical article; controlled study; dystonia; electromyography; female; fixed posture dystonia; human; male; motor unit potential; neuroimaging; neurologic examination; neurophysiology; nuclear magnetic resonance imaging; pain assessment; peripheral nerve; priority journal; tactile stimulation; virtual reality; voluntary movement"