Authors,Article Title,Source Title,Author Keywords,Keywords Plus,"Times Cited, WoS Core","Times Cited, All Databases",Publisher,Publisher City,Publication Year,DOI Link,Research Areas
"O'Doherty, JE; Lebedev, MA; Ifft, PJ; Zhuang, KZ; Shokur, S; Bleuler, H; Nicolelis, MAL",Active tactile exploration using a brain-machine-brain interface,NATURE,,CORTICAL CONTROL; CORTEX; ARM; NEURONS; STIMULATION; GRIP; SKIN,456,567,NATURE PUBLISHING GROUP,LONDON,2011,http://dx.doi.org/10.1038/nature10489,Science & Technology - Other Topics
"Flesher, SN; Downey, JE; Weiss, JM; Hughes, CL; Herrera, AJ; Tyler-Kabara, EC; Boninger, ML; Collinger, JL; Gaunt, RA",A brain-computer interface that evokes tactile sensations improves robotic arm control,SCIENCE,,CORTICAL CONTROL; MOTOR; PERFORMANCE; REPRESENTATION; RESTORATION; STIMULATION; TETRAPLEGIA; EXPERIENCE; PRIORITIES,393,484,AMER ASSOC ADVANCEMENT SCIENCE,WASHINGTON,2021,http://dx.doi.org/10.1126/science.abd0380,Science & Technology - Other Topics
"Kao, JC; Nuyujukian, P; Ryu, SI; Churchland, MM; Cunningham, JP; Shenoy, KV",Single-trial dynamics of motor cortex and their applications to brain-machine interfaces,NATURE COMMUNICATIONS,,CORTICAL CONTROL; TRANSIENT DYNAMICS; FEEDBACK-CONTROL; SPIKING ACTIVITY; NEURAL-CONTROL; ARM; ENSEMBLE; PREMOTOR; HUMANS; MODELS,136,190,NATURE PUBLISHING GROUP,LONDON,2015,http://dx.doi.org/10.1038/ncomms8759,Science & Technology - Other Topics
"Tan, D; Nijholt, A",Brain-Computer Interfaces and Human-Computer Interaction,BRAIN-COMPUTER INTERFACES: APPLYING OUR MINDS TO HUMAN-COMPUTER INTERACTION,,COMMUNICATION,136,164,SPRINGER,DORDRECHT,2010,http://dx.doi.org/10.1007/978-1-84996-272-8_1,Computer Science
"Makin, TR; Flor, H",Brain (re)organisation following amputation: Implications for phantom limb pain,NEUROIMAGE,Neuroimaging; Cortical reorganisation; Phantom limb pain; Preserved function; Multivariate analysis; Pain treatment; Use-dependent plasticity,PRIMARY SOMATOSENSORY CORTEX; LARGE-SCALE REORGANIZATION; PRIMARY MOTOR CORTEX; CORTICAL REORGANIZATION; SOMATOTOPIC ORGANIZATION; SENSORIMOTOR CORTEX; MIRROR THERAPY; TOPOGRAPHIC REORGANIZATION; HAND REPRESENTATION; DIGIT SOMATOTOPY,125,147,ACADEMIC PRESS INC ELSEVIER SCIENCE,SAN DIEGO,2020,http://dx.doi.org/10.1016/j.neuroimage.2020.116943,"Neurosciences & Neurology; Radiology, Nuclear Medicine & Medical Imaging"
"Schwemmer, MA; Skomrock, ND; Sederberg, PB; Ting, JE; Sharma, G; Bockbrader, MA; Friedenberg, DA",Meeting brain-computer interface user performance expectations using a deep neural network decoding framework,NATURE MEDICINE,,MACHINE INTERFACES; MUSCLE STIMULATION; POTENTIAL USERS; WANT OPINIONS; PRIORITIES; TETRAPLEGIA; COMMUNICATION; MOVEMENTS; RELEASE; GRASP,123,145,NATURE PORTFOLIO,BERLIN,2018,http://dx.doi.org/10.1038/s41591-018-0171-y,Biochemistry & Molecular Biology; Cell Biology; Research & Experimental Medicine
"Jin, J; Chen, ZM; Xu, R; Miao, YY; Wang, XY; Jung, TP",Developing a Novel Tactile P300 Brain-Computer Interface With a Cheeks-Stim Paradigm,IEEE TRANSACTIONS ON BIOMEDICAL ENGINEERING,Electroencephalography; Electrodes; Visualization; Feature extraction; Wrist; Vibrations; Band-pass filters; Brain-computer interface (BCI); cheeks; P300; vibrotactile stimuli,BCI; SSVEP; REPRESENTATION; PROSTHESIS; MOTOR,101,107,IEEE-INST ELECTRICAL ELECTRONICS ENGINEERS INC,PISCATAWAY,2020,http://dx.doi.org/10.1109/TBME.2020.2965178,Engineering
"Shimoda, K; Nagasaka, Y; Chao, ZC; Fujii, N",Decoding continuous three-dimensional hand trajectories from epidural electrocorticographic signals in Japanese macaques,JOURNAL OF NEURAL ENGINEERING,,BRAIN-COMPUTER-INTERFACE; MOTOR CORTEX STIMULATION; CORTICAL STIMULATION; FINGER MOVEMENTS; NEUROPATHIC PAIN; TISSUE-RESPONSE; COMPLICATIONS; EEG; REPRESENTATION; REMOVAL,90,103,IOP PUBLISHING LTD,BRISTOL,2012,http://dx.doi.org/10.1088/1741-2560/9/3/036015,Engineering; Neurosciences & Neurology
"Marchesotti, S; Bassolino, M; Serino, A; Bleuler, H; Blanke, O",Quantifying the role of motor imagery in brain-machine interfaces,SCIENTIFIC REPORTS,,COMPUTER INTERFACE; MENTAL PRACTICE; WORKING-MEMORY; MOVEMENT; CORTEX; CLASSIFICATION; TRIAL; REAL; EXCITABILITY; PERFORMANCE,85,94,NATURE PORTFOLIO,BERLIN,2016,http://dx.doi.org/10.1038/srep24076,Science & Technology - Other Topics
"Johnson, LA; Wander, JD; Sarma, D; Su, DK; Fetz, EE; Ojemann, JG",Direct electrical stimulation of the somatosensory cortex in humans using electrocorticography electrodes: a qualitative and quantitative report,JOURNAL OF NEURAL ENGINEERING,,TRANSCRANIAL MAGNETIC STIMULATION; THETA-BURST STIMULATION; MOTOR CORTEX; EVOKED POTENTIALS; SENSORIMOTOR CORTEX; PAIN THRESHOLDS; PERCEPTION; MICROSTIMULATION; BRAIN; REPRESENTATION,79,110,IOP PUBLISHING LTD,BRISTOL,2013,http://dx.doi.org/10.1088/1741-2560/10/3/036021,Engineering; Neurosciences & Neurology
"Osuagwu, BCA; Wallace, L; Fraser, M; Vuckovic, A",Rehabilitation of hand in subacute tetraplegic patients based on brain computer interface and functional electrical stimulation: a randomised pilot study,JOURNAL OF NEURAL ENGINEERING,brain computer interface; functional electrical stimulation; tetraplegia; rehabilitation; hand,SPINAL-CORD-INJURY; CHRONIC STROKE; NEUROPATHIC PAIN; REORGANIZATION; DYNAMICS; BCI,76,85,IOP Publishing Ltd,BRISTOL,2016,http://dx.doi.org/10.1088/1741-2560/13/6/065002,Engineering; Neurosciences & Neurology
"Donati, ARC; Shokur, S; Morya, E; Campos, DSF; Moioli, RC; Gitti, CM; Augusto, PB; Tripodi, S; Pires, CG; Pereira, GA; Brasil, FL; Gallo, S; Lin, AA; Takigami, AK; Aratanha, MA; Joshi, S; Bleuler, H; Cheng, G; Rudolph, A; Nicolelis, MAL",Long-Term Training with a Brain-Machine Interface-Based Gait Protocol Induces Partial Neurological Recovery in Paraplegic Patients,SCIENTIFIC REPORTS,,SPINAL-CORD-INJURY; COMPUTER INTERFACE; MOTOR IMAGERY; BODY SCHEMA; WALKING; HAND; PAIN; STIMULATION; RELIABILITY; VALIDITY,75,135,NATURE PORTFOLIO,BERLIN,2016,http://dx.doi.org/10.1038/srep30383,Science & Technology - Other Topics
"Pandarinath, C; Ames, KC; Russo, AA; Farshchian, A; Miller, LE; Dyer, EL; Kao, JC",Latent Factors and Dynamics in Motor Cortex and Their Application to Brain-Machine Interfaces,JOURNAL OF NEUROSCIENCE,motor control; motor cortex; dynamical systems; brain-machine interfaces; neural population dynamics; machine learning,NEURAL STATE-SPACE; ARM MOVEMENTS; CORTICAL ACTIVITY; POPULATION-DYNAMICS; ALPHA-MOTONEURONES; GAUSSIAN-PROCESS; PREMOTOR CORTEX; CELL DISCHARGE; DIRECTION; NEURONS,69,99,SOC NEUROSCIENCE,WASHINGTON,2018,http://dx.doi.org/10.1523/JNEUROSCI.1669-18.2018,Neurosciences & Neurology
"Michelson, NJ; Eles, JR; Vazquez, AL; Ludwig, KA; Kozai, TDY","Calcium activation of cortical neurons by continuous electrical stimulation: Frequency dependence, temporal fidelity, and activation density",JOURNAL OF NEUROSCIENCE RESEARCH,bioelectric medicine; brain-computer interface; deep brain stimulation; microstimulation; neuroprosthetics,DEEP BRAIN-STIMULATION; IN-VIVO; INTRACORTICAL MICROSTIMULATION; PAIN REDUCTION; PARKINSONS-DISEASE; NEURAL ELECTRODES; VISUAL-CORTEX; MESSENGER-RNA; TISSUE; MOTOR,67,79,WILEY,HOBOKEN,2019,http://dx.doi.org/10.1002/jnr.24370,Neurosciences & Neurology
"Zhang, QS; Hu, SL; Talay, R; Xiao, ZD; Rosenberg, D; Liu, YL; Sun, GH; Li, AN; Caravan, B; Singh, A; Gould, JD; Chen, ZS; Wang, J",A prototype closed-loop brain-machine interface for the study and treatment of pain,NATURE BIOMEDICAL ENGINEERING,,ANTERIOR CINGULATE CORTEX; MEDIAL PREFRONTAL CORTEX; NEUROPATHIC PAIN; MOTOR CORTEX; ELECTRICAL-STIMULATION; THALAMIC-STIMULATION; AFFECTIVE COMPONENT; CORTICAL CONTROL; GRAY-MATTER; FACIAL-PAIN,65,73,NATURE PORTFOLIO,BERLIN,2023,http://dx.doi.org/10.1038/s41551-021-00736-7,Engineering
"Sburlea, AI; Montesano, L; Minguez, J",Continuous detection of the self-initiated walking pre-movement state from EEG correlates without session-to-session recalibration,JOURNAL OF NEURAL ENGINEERING,BCI; motor intention; rehabilitation; session-to-session transfer; MRCP; ERD,EVENT-RELATED DESYNCHRONIZATION; CORTICAL POTENTIALS; MOTOR-IMAGERY; CHRONIC STROKE; GAIT; REHABILITATION; CLASSIFICATION; (DE)SYNCHRONIZATION; INTERFACE; RHYTHMS,62,64,IOP PUBLISHING LTD,BRISTOL,2015,http://dx.doi.org/10.1088/1741-2560/12/3/036007,Engineering; Neurosciences & Neurology
"Abdalmalak, A; Milej, D; Norton, L; Debicki, DB; Gofton, T; Diop, M; Owen, AM; Lawrence, KS",Single-session communication with a locked-in patient by functional near-infrared spectroscopy,NEUROPHOTONICS,functional near-infrared spectroscopy; time-resolved measurements; Guillain-Barre syndrome; motor imagery; brain-computer interface,OPTICAL-PROPERTIES; VEGETATIVE STATE; BRAIN ACTIVITY; SENSITIVITY; DISORDERS; ARTIFACTS; AWARENESS; DETECT,58,65,SPIE-SOC PHOTO-OPTICAL INSTRUMENTATION ENGINEERS,BELLINGHAM,2017,http://dx.doi.org/10.1117/1.NPh.4.4.040501,Neurosciences & Neurology; Optics
"Jang, YY; Kim, TH; Lee, BH",Effects of Brain-Computer Interface-controlled Functional Electrical Stimulation Training on Shoulder Subluxation for Patients with Stroke: A Randomized Controlled Trial,OCCUPATIONAL THERAPY INTERNATIONAL,brain-computer interface; rehabilitation; shoulder subluxation; stroke,MODIFIED ASHWORTH SCALE; POSTSTROKE SPASTICITY; HEMIPLEGIC PATIENTS; PAIN; RELIABILITY; RECOVERY; REHABILITATION; FEASIBILITY; EFFICACY; GAIT,57,71,WILEY-HINDAWI,LONDON,2016,http://dx.doi.org/10.1002/oti.1422,Rehabilitation
"Bruurmijn, MLCM; Pereboom, IPL; Vansteensel, MJ; Raemaekers, MAH; Ramsey, NF",Preservation of hand movement representation in the sensorimotor areas of amputees,BRAIN,amputee; sensorimotor cortex; functional MRI; hand representation,PRIMARY MOTOR CORTEX; SOMATOSENSORY CORTEX; PHANTOM LIMB; FUNCTIONAL SOMATOTOPY; REORGANIZATION; FMRI; AMPUTATION; SYSTEM; PAIN; PLASTICITY,54,60,OXFORD UNIV PRESS,OXFORD,2017,http://dx.doi.org/10.1093/brain/awx274,Neurosciences & Neurology
"Downey, JE; Brane, L; Gaunt, RA; Tyler-Kabara, EC; Boninger, ML; Collinger, JL",Motor cortical activity changes during neuroprosthetic-controlled object interaction,SCIENTIFIC REPORTS,,FREE ARM MOVEMENTS; SPINAL-CORD-INJURY; 3-DIMENSIONAL SPACE; VISUAL TARGETS; FUNCTIONAL PRIORITIES; CORTEX NEURONS; HAND; REPRESENTATION; GRASP; PREMOTOR,48,63,NATURE PORTFOLIO,BERLIN,2017,http://dx.doi.org/10.1038/s41598-017-17222-3,Science & Technology - Other Topics
"Irwin, ZT; Schroeder, KE; Vu, PP; Bullard, AJ; Tat, DM; Nu, CS; Vaskov, A; Nason, SR; Thompson, DE; Bentley, JN; Patil, PG; Chestek, CA",Neural control of finger movement via intracortical brain-machine interface,JOURNAL OF NEURAL ENGINEERING,brain-machine interface; finger movement; intracortical recording; closed-loop control,MOTOR CORTICAL DISCHARGE; GRASP; REACH; HAND; ARM; INDEPENDENCE; TETRAPLEGIA; ENVIRONMENT; PROSTHESIS; KINEMATICS,44,58,IOP PUBLISHING LTD,BRISTOL,2017,http://dx.doi.org/10.1088/1741-2552/aa80bd,Engineering; Neurosciences & Neurology
"Hughes, C; Herrera, A; Gaunt, R; Collinger, J",Bidirectional brain-computer interfaces,BRAIN-COMPUTER INTERFACES,,REACH-TO-GRASP; ELECTRICAL-STIMULATION; INTRACORTICAL MICROSTIMULATION; SOMATOSENSORY CORTEX; OBJECT MANIPULATION; CORTICAL CONTROL; MOTOR CORTEX; ELECTROCORTICOGRAPHIC SIGNALS; MACHINE INTERFACES; NEURONAL ENSEMBLE,41,53,ELSEVIER,AMSTERDAM,2020,http://dx.doi.org/10.1016/B978-0-444-63934-9.00013-5,Computer Science; Engineering; Neurosciences & Neurology; Rehabilitation
"Shokur, S; Donati, ARC; Campos, DSF; Gitti, C; Bao, G; Fischer, D; Almeida, S; Braga, VAS; Augusto, P; Petty, C; Alho, EJL; Lebedev, M; Song, AW; Nicolelis, MAL","Training with brain-machine interfaces, visuotactile feedback and assisted locomotion improves sensorimotor, visceral, and psychological signs in chronic paraplegic patients",PLOS ONE,,SPINAL-CORD-INJURY; MOTOR CORTEX STIMULATION; SACRAL NERVE-STIMULATION; OPEN-SOURCE SOFTWARE; QUALITY-OF-LIFE; COMPUTER INTERFACES; NEUROGENIC BLADDER; NEUROPATHIC PAIN; RECOVERY; REHABILITATION,40,41,PUBLIC LIBRARY SCIENCE,SAN FRANCISCO,2018,http://dx.doi.org/10.1371/journal.pone.0206464,Science & Technology - Other Topics
"Collinger, JL; Gaunt, RA; Schwartz, AB",Progress towards restoring upper limb movement and sensation through intracortical brain-computer interfaces,CURRENT OPINION IN BIOMEDICAL ENGINEERING,Motor; Somatosensory; Bidirectional; Brain-computer interface; Neuroprosthetics,,39,50,ELSEVIER,AMSTERDAM,2018,http://dx.doi.org/10.1016/j.cobme.2018.11.005,Engineering
"Leite, J; Morales-Quezada, L; Carvalho, S; Thibaut, A; Doruk, D; Chen, CF; Schachter, SC; Rotenberg, A; Fregni, F",Surface EEG-Transcranial Direct Current Stimulation (tDCS) Closed-Loop System,INTERNATIONAL JOURNAL OF NEURAL SYSTEMS,EEG-tDCS closed-loop system; EEG algorithm; cognitive task; proof-of-concept,NONINVASIVE BRAIN-STIMULATION; PRIMARY MOTOR CORTEX; PHANTOM LIMB PAIN; ELECTRICAL-STIMULATION; WORKING-MEMORY; MAGNETIC STIMULATION; COMPUTER INTERFACES; SEIZURE PREDICTION; CLINICAL-TRIAL; EPILEPSY,39,48,WORLD SCIENTIFIC PUBL CO PTE LTD,SINGAPORE,2017,http://dx.doi.org/10.1142/S0129065717500265,Computer Science
"Li, FC; Zhang, D; Chen, J; Tang, K; Li, XM; Hou, ZM",Research hotspots and trends of brain-computer interface technology in stroke: a bibliometric study and visualization analysis,FRONTIERS IN NEUROSCIENCE,brain-computer interface; stroke; bibliometric; visualization analysis; VOSviewer; CiteSpace,MACHINE INTERFACES; BCI SYSTEM; NEUROREHABILITATION; REHABILITATION; COMMUNICATION; FEEDBACK; SCIENCE; PAIN; LIMB,36,36,FRONTIERS MEDIA SA,LAUSANNE,2023,http://dx.doi.org/10.3389/fnins.2023.1243151,Neurosciences & Neurology
"Leeb, R; Pérez-Marcos, DP",Brain-computer interfaces and virtual reality for neurorehabilitation,BRAIN-COMPUTER INTERFACES,,MOTOR IMAGERY; CORTICAL REORGANIZATION; CHRONIC STROKE; MACHINE INTERFACE; BCI; REHABILITATION; RECOVERY; PAIN; COMMUNICATION; FRAMEWORK,35,42,ELSEVIER,AMSTERDAM,2020,http://dx.doi.org/10.1016/B978-0-444-63934-9.00014-7,Computer Science; Engineering; Neurosciences & Neurology; Rehabilitation
"Scandola, M; Aglioti, SM; Pozeg, P; Avesani, R; Moro, V","Motor imagery in spinal cord injured people is modulated by somatotopic coding, perspective taking, and post-lesional chronic pain",JOURNAL OF NEUROPSYCHOLOGY,spinal cord injury; motor imagery; somatotopic plasticity; perspective taking; chronic pain,NEUROPATHIC PAIN; INTERNATIONAL STANDARDS; MENTAL ROTATION; ITALIAN VERSION; BODY SCHEMA; BRAIN; MOVEMENTS; REPRESENTATIONS; CLASSIFICATION; REORGANIZATION,34,37,WILEY,HOBOKEN,2017,http://dx.doi.org/10.1111/jnp.12098,Psychology
"Sorger, B; Goebel, R",Real-time fMRI for brain-computer interfacing,BRAIN-COMPUTER INTERFACES,,RESONANCE-IMAGING NEUROFEEDBACK; CORTEX ACTIVITY; FUNCTIONAL MRI; REDUCTION; PAIN; ACTIVATION; THOUGHT; IMAGERY; EPI,33,44,ELSEVIER,AMSTERDAM,2020,http://dx.doi.org/10.1016/B978-0-444-63934-9.00021-4,Computer Science; Engineering; Neurosciences & Neurology; Rehabilitation
"Chen, D; Zhang, HH; Kavitha, PT; Loy, FL; Ng, SH; Wang, CC; Phua, KS; Tjan, SY; Yang, SY; Guan, CT",Scalp EEG-Based Pain Detection Using Convolutional Neural Network,IEEE TRANSACTIONS ON NEURAL SYSTEMS AND REHABILITATION ENGINEERING,Pain; Electroencephalography; Task analysis; Convolutional neural networks; Machine learning; Brain modeling; IEEE transactions; Pain detection; chronic pain; EEG; CNN,CLASSIFICATION,28,34,IEEE-INST ELECTRICAL ELECTRONICS ENGINEERS INC,PISCATAWAY,2022,http://dx.doi.org/10.1109/TNSRE.2022.3147673,Engineering; Rehabilitation
"Zhang, SY; Yoshida, W; Mano, H; Yanagisawa, T; Mancini, F; Shibata, K; Kawato, M; Seymour, B",Pain Control by Co-adaptive Learning in a Brain-Machine Interface,CURRENT BIOLOGY,,FMRI NEUROFEEDBACK; EMOTION REGULATION; OFFSET ANALGESIA; PERCEPTION; SYSTEM; REAL; CONNECTIVITY; INFORMATION; ACTIVATION; MECHANISM,27,30,CELL PRESS,CAMBRIDGE,2020,http://dx.doi.org/10.1016/j.cub.2020.07.066,Biochemistry & Molecular Biology; Life Sciences & Biomedicine - Other Topics; Cell Biology
"Ding, KQ; Dragomir, A; Bose, R; Osborn, LE; Seet, MS; Bezerianos, A; Thakor, N",Towards machine to brain interfaces: sensory stimulation enhances sensorimotor dynamic functional connectivity in upper limb amputees,JOURNAL OF NEURAL ENGINEERING,sensory stimulation; EEG; functional connectivity; temporal dynamics; sensorimotor processing,NEURAL ACTIVITY; MOTOR; NETWORK; INTEGRATION; CORTEX; PREMOTOR; INFORMATION; EXECUTION; AREAS; HAND,27,28,IOP Publishing Ltd,Bristol,2020,http://dx.doi.org/10.1088/1741-2552/ab882d,Engineering; Neurosciences & Neurology
"Sreeja, SR; Himanshu; Samanta, D",Distance-based weighted sparse representation to classify motor imagery EEG signals for BCI applications,MULTIMEDIA TOOLS AND APPLICATIONS,Electroencephalography (EEG); Brain computer interface (BCI); Motor imagery (MI); Sparsity-based classification; Weighted sparse representation,BRAIN-COMPUTER-INTERFACE; SPATIAL-PATTERNS; NEURAL-NETWORKS; CLASSIFICATION; DECOMPOSITION; ROBUST,27,29,SPRINGER,DORDRECHT,2020,http://dx.doi.org/10.1007/s11042-019-08602-0,Computer Science; Engineering
"Rupp, R",Spinal cord lesions,BRAIN-COMPUTER INTERFACES,,BRAIN-COMPUTER INTERFACES; NEUROPATHIC PAIN; TROSPIUM CHLORIDE; CORTICAL ACTIVITY; QUANTITATIVE EEG; UPPER EXTREMITY; WAVE ACTIVITY; INJURY; PREVALENCE; RESTORATION,27,32,ELSEVIER,AMSTERDAM,2020,http://dx.doi.org/10.1016/B978-0-444-63934-9.00006-8,Computer Science; Engineering; Neurosciences & Neurology; Rehabilitation
"Sreeja, SR; Samanta, D",Classification of multiclass motor imagery EEG signal using sparsity approach,NEUROCOMPUTING,Electroencephalogram; Motor imagery; Brain computer interface; Sparse representation; Sparsity-based classification,BRAIN-COMPUTER-INTERFACE; COMMON SPATIAL-PATTERNS; REPRESENTATION; ALGORITHMS; SELECTION; MACHINE,26,31,ELSEVIER,AMSTERDAM,2019,http://dx.doi.org/10.1016/j.neucom.2019.08.037,Computer Science
"Wang, J; Chen, Z",Neuromodulation for Pain Management,NEURAL INTERFACE: FRONTIERS AND APPLICATIONS,Pain management; Neuromodulation; Brain-computer interfaces; Circuit-based neural signature,DEEP BRAIN-STIMULATION; SPINAL-CORD STIMULATION; MEDIAN-PARAFASCICULAR COMPLEX; MOTOR CORTEX STIMULATION; CHRONIC BACK-PAIN; ANTERIOR CINGULATE; ELECTRICAL-STIMULATION; THALAMIC-STIMULATION; NUCLEUS-ACCUMBENS; AFFECTIVE COMPONENT,26,31,SPRINGER INTERNATIONAL PUBLISHING AG,CHAM,2019,http://dx.doi.org/10.1007/978-981-13-2050-7_8,Engineering; Neurosciences & Neurology
"Vuckovic, A; Wallace, L; Allan, DB",Hybrid Brain-Computer Interface and Functional Electrical Stimulation for Sensorimotor Training in Participants With Tetraplegia: A Proof-of-Concept Study,JOURNAL OF NEUROLOGIC PHYSICAL THERAPY,brain-computer interface; even-related desynchronization; functional electrical stimulation; motor imagery; tetraplegia,SPINAL-CORD-INJURY; MOTOR IMAGERY; NEUROPATHIC PAIN; REORGANIZATION; PLASTICITY; RECOVERY; INDIVIDUALS; CORTEX; BCI,26,35,LIPPINCOTT WILLIAMS & WILKINS,PHILADELPHIA,2015,http://dx.doi.org/10.1097/NPT.0000000000000063,Neurosciences & Neurology; Rehabilitation
"Tayeb, Z; Bose, R; Dragomir, A; Osborn, LE; Thakor, NV; Cheng, G",Decoding of Pain Perception using EEG Signals for a Real-Time Reflex System in Prostheses: A Case Study,SCIENTIFIC REPORTS,,HUMANS,25,31,NATURE PORTFOLIO,BERLIN,2020,http://dx.doi.org/10.1038/s41598-020-62525-7,Science & Technology - Other Topics
"Xia, B; Maysam, O; Veser, S; Cao, L; Li, J; Jia, J; Xie, H; Birbaumer, N",A combination strategy based brain-computer interface for two-dimensional movement control,JOURNAL OF NEURAL ENGINEERING,brain-computer interface; 2-dimensional movement; motor imagery,MENTAL PROSTHESIS; CURSOR CONTROL; BCI; COMMUNICATION; POTENTIALS; HUMANS,25,25,IOP PUBLISHING LTD,BRISTOL,2015,http://dx.doi.org/10.1088/1741-2560/12/4/046021,Engineering; Neurosciences & Neurology
"Di Pino, G; Piombino, V; Carassiti, M; Ortiz-Catalan, M",Neurophysiological models of phantom limb pain: what can be learnt,MINERVA ANESTESIOLOGICA,Phantom limb; Pathophysiology; Neuronal plasticity; Body image,DIRECT-CURRENT STIMULATION; CORTICAL REORGANIZATION; MOTOR CORTEX; RECEPTOR ANTAGONIST; STUMP PAIN; AMPUTATION; PERCEPTION; MEMANTINE; SENSATION; PLASTICITY,24,27,EDIZIONI MINERVA MEDICA,TURIN,2021,http://dx.doi.org/10.23736/S0375-9393.20.15067-3,Anesthesiology; General & Internal Medicine
"Mwata-Velu, T; Ruiz-Pinales, J; Rostro-Gonzalez, H; Ibarra-Manzano, MA; Cruz-Duarte, JM; Avina-Cervantes, JG",Motor Imagery Classification Based on a Recurrent-Convolutional Architecture to Control a Hexapod Robot,MATHEMATICS,brain-computer interface; EEG motor imagery; CNN-LSTM architectures; real-time motion imagery recognition,BRAIN COMPUTER-INTERFACE,22,25,MDPI,BASEL,2021,http://dx.doi.org/10.3390/math9060606,Mathematics
"Mattia, D; Pichiorri, F; Colamarino, E; Masciullo, M; Morone, G; Toppi, J; Pisotta, I; Tamburella, F; Lorusso, M; Paolucci, S; Puopolo, M; Cincotti, F; Molinari, M","The Promotoer, a brain-computer interface-assisted intervention to promote upper limb functional motor recovery after stroke: a study protocol for a randomized controlled trial to test early and long-term efficacy and to identify determinants of response",BMC NEUROLOGY,EEG-based brain-computer interface; Stroke; Hand functional motor recovery; Brain plasticity; Motor learning; Motor imagery; Neurorehabilitation,REHABILITATION; IMPAIRMENT; IMAGERY; RELIABILITY; THERAPY; DESIGN,22,32,BMC,LONDON,2020,http://dx.doi.org/10.1186/s12883-020-01826-w,Neurosciences & Neurology
"Luu, DK; Nguyen, AT; Jiang, M; Drealan, MW; Xu, J; Wu, T; Tam, WK; Zhao, WF; Lim, BZH; Overstreet, CK; Zhao, Q; Cheng, J; Keefer, EW; Yang, Z",Artificial Intelligence Enables Real-Time and Intuitive Control of Prostheses via Nerve Interface,IEEE TRANSACTIONS ON BIOMEDICAL ENGINEERING,Decoding; Artificial intelligence; Implants; Deep learning; Real-time systems; Prosthetic hand; Electromyography; Artificial intelligence; deep learning; information throughput; information transfer rate; motor decoding; neural decoder; neuroprosthesis; peripheral nerve; reaction time,DEKA ARM; LIMB; OPTIMIZE; SYSTEM; MOTOR,20,29,IEEE-INST ELECTRICAL ELECTRONICS ENGINEERS INC,PISCATAWAY,2022,http://dx.doi.org/10.1109/TBME.2022.3160618,Engineering
"Thomschewski, A; Ströhlein, A; Langthaler, PB; Schmid, E; Potthoff, J; Höller, P; Leis, S; Trinka, E; Höller, Y",Imagine There Is No Plegia. Mental Motor Imagery Difficulties in Patients with Traumatic Spinal Cord Injury,FRONTIERS IN NEUROSCIENCE,spinal cord injury (SCI); motor imagery (MI); movement imagination; rehabilitation; neuroprostheses,FUNCTIONAL ELECTRICAL-STIMULATION; BRAIN-COMPUTER INTERFACE; NEUROPATHIC PAIN; DEPRESSION; REHABILITATION; MOVEMENTS; REPRESENTATIONS; NEUROPLASTICITY; CLASSIFICATION; INDIVIDUALS,20,21,FRONTIERS MEDIA SA,LAUSANNE,2017,http://dx.doi.org/10.3389/fnins.2017.00689,Neurosciences & Neurology
"Carra, M; Balbinot, A",Evaluation of Sensorimotor Rhythms to Control a Wheelchair,2013 ISSNIP BIOSIGNALS AND BIOROBOTICS CONFERENCE (BRC),Electroencephalography; Classifier Learning Vector Quantizatio; Brain-Computer Interface (BCI); control wheelchair,,20,27,IEEE,NEW YORK,2013,,Mathematical & Computational Biology; Robotics
"Colamarino, E; Lorusso, M; Pichiorri, F; Toppi, J; Tamburella, F; Serratore, G; Riccio, A; Tomaiuolo, F; Bigioni, A; Giove, F; Scivoletto, G; Cincotti, F; Mattia, D",DiSCIoser: unlocking recovery potential of arm sensorimotor functions after spinal cord injury by promoting activity-dependent brain plasticity by means of brain-computer interface technology: a randomized controlled trial to test efficacy,BMC NEUROLOGY,EEG-based Brain-Computer Interface; Spinal cord injury; Hand functional sensorimotor recovery; Brain plasticity; Motor imagery; Neurorehabilitation,INTERRATER RELIABILITY; MOTOR RECOVERY; SCALE; RESTORATION; INDIVIDUALS; INVENTORY; IMAGERY; VERSION; PEOPLE; PAIN,18,21,BMC,LONDON,2023,http://dx.doi.org/10.1186/s12883-023-03442-w,Neurosciences & Neurology
"Yao, L; Jiang, N; Mrachacz-Kersting, N; Zhu, XY; Farina, D; Wang, YM",Reducing the Calibration Time in Somatosensory BCI by Using Tactile ERD,IEEE TRANSACTIONS ON NEURAL SYSTEMS AND REHABILITATION ENGINEERING,Brain-computer interface (BCI); tactile event-related desynchronization (ERD); somatosensory BCI; imagined sensation,BRAIN-COMPUTER-INTERFACE; COMMON SPATIAL-PATTERNS; STEADY-STATE RESPONSES; MOTOR IMAGERY; ELECTRICAL-STIMULATION; EVOKED POTENTIALS; EEG; (DE)SYNCHRONIZATION; DISCRIMINATION; REHABILITATION,18,18,IEEE-INST ELECTRICAL ELECTRONICS ENGINEERS INC,PISCATAWAY,2022,http://dx.doi.org/10.1109/TNSRE.2022.3184402,Engineering; Rehabilitation
"Vuckovic, A; Hasan, MA; Osuagwu, B; Fraser, M; Allan, DB; Conway, BA; Nasseroleslami, B",The influence of central neuropathic pain in paraplegic patients on performance of a motor imagery based Brain Computer Interface,CLINICAL NEUROPHYSIOLOGY,EEG; Motor imagery; BCI; Paraplegia; Central neuropathic pain; Event related synchronisation/desynchronisation,EEG; CLASSIFICATION; REORGANIZATION; FEASIBILITY; PREVALENCE; DYNAMICS; BCI,18,22,ELSEVIER IRELAND LTD,CLARE,2015,http://dx.doi.org/10.1016/j.clinph.2014.12.033,Neurosciences & Neurology
"Besio, W; Sharma, V; Spaulding, J",The Effects of Concentric Ring Electrode Electrical Stimulation on Rat Skin,ANNALS OF BIOMEDICAL ENGINEERING,Noninvasive electrical stimulation; Transcutaneous electrical stimulation; Electrical-thermal coupled field analysis; Infrared thermography,DISPERSIVE ELECTRODES; BURNS; DEFIBRILLATION; TISSUE; BRAIN; INTERFACE,18,19,SPRINGER,NEW YORK,2010,http://dx.doi.org/10.1007/s10439-009-9891-y,Engineering
"Niazi, IK; Navid, MS; Rashid, U; Amjad, I; Olsen, S; Haavik, H; Alder, G; Kumari, N; Signal, N; Taylor, D; Farina, D; Jochumsen, M",Associative cued asynchronous BCI induces cortical plasticity in stroke patients,ANNALS OF CLINICAL AND TRANSLATIONAL NEUROLOGY,,NONINVASIVE BRAIN-STIMULATION; LIMB MOTOR EXCITABILITY; CORTICOMOTOR EXCITABILITY; MACHINE INTERFACE; POTENTIALS; INDUCTION; REHABILITATION; VARIABILITY; MODULATION; RECOVERY,17,20,WILEY,HOBOKEN,2022,http://dx.doi.org/10.1002/acn3.51551,Neurosciences & Neurology
"Tidoni, E; Tieri, G; Aglioti, SM",Re-establishing the disrupted sensorimotor loop in deafferented and deefferented people: The case of spinal cord injuries,NEUROPSYCHOLOGIA,Sensorimotor loop; Spinal cord injury; Brain computer interface; Embodiment; Brain plasticity; Chronic pain,BRAIN-COMPUTER INTERFACE; RUBBER HAND ILLUSION; MOTOR SYSTEM FUNCTION; NEUROPATHIC PAIN; CORTICAL REORGANIZATION; FUNCTIONAL REORGANIZATION; PHANTOM SENSATIONS; EVOKED-POTENTIALS; WAVE ACTIVITY; CORTEX,17,19,PERGAMON-ELSEVIER SCIENCE LTD,OXFORD,2015,http://dx.doi.org/10.1016/j.neuropsychologia.2015.06.029,Behavioral Sciences; Neurosciences & Neurology; Psychology
"Kothari, M; Svensson, P; Huo, XL; Ghovanloo, M; Baad-Hansen, L",Motivational conditions influence tongue motor performance,EUROPEAN JOURNAL OF ORAL SCIENCES,monetary reward; motivation; self-controlled practice; Tongue Drive System; tongue-training,CORTICOMOTOR CONTROL; COMPUTER INTERFACE; SKILL; TASK; GENDER; PLASTICITY; RESPONSES; BRAIN; MUSCULATURE; CONCURRENT,17,18,WILEY-BLACKWELL,HOBOKEN,2013,http://dx.doi.org/10.1111/eos.12022,"Dentistry, Oral Surgery & Medicine"
"Savic, AM; Novicic, M; Dordevic, O; Konstantinovic, L; Miler-Jerkovic, V",Novel electrotactile brain-computer interface with somatosensory event-related potential based control,FRONTIERS IN HUMAN NEUROSCIENCE,brain computer interface (BCI); event-related potentials (ERP); electrical stimulation; somatosensory evoked potential (SEP); tactile attention; tactile BCI; machine learning,EVOKED POTENTIALS; POINTS,16,18,FRONTIERS MEDIA SA,LAUSANNE,2023,http://dx.doi.org/10.3389/fnhum.2023.1096814,Neurosciences & Neurology; Psychology
"Li, H; Liu, M; Yu, X; Zhu, JQ; Wang, CF; Chen, XY; Feng, C; Leng, JC; Zhang, Y; Xu, FZ",Coherence based graph convolution network for motor imagery-induced EEG after spinal cord injury,FRONTIERS IN NEUROSCIENCE,electroencephalogram; motor imagery; brain-computer interface; coherence-based graph convolutional network; spinal cord injury,FUNCTIONAL CONNECTIVITY; CHRONIC PAIN,15,15,FRONTIERS MEDIA SA,LAUSANNE,2023,http://dx.doi.org/10.3389/fnins.2022.1097660,Neurosciences & Neurology
"Kaas, A; Goebel, R; Valente, G; Sorger, B",Topographic Somatosensory Imagery for Real-Time fMRI Brain-Computer Interfacing,FRONTIERS IN HUMAN NEUROSCIENCE,tactile; human; real-time fMRI; MVPA; somatotopy,HUMAN PARIETAL OPERCULUM; REGIONAL PAIN SYNDROME; SPATIAL NAVIGATION; DIGIT SOMATOTOPY; TACTILE IMAGERY; MENTAL IMAGES; CORTEX; COMMUNICATION; AREAS; 3B,15,17,FRONTIERS MEDIA SA,LAUSANNE,2019,http://dx.doi.org/10.3389/fnhum.2019.00427,Neurosciences & Neurology; Psychology
"Wriessnegger, SC; Bauernfeind, G; Kurz, EM; Raggam, P; Müller-Putz, GR",Imagine squeezing a cactus: Cortical activation during affective motor imagery measured by functional near-infrared spectroscopy,BRAIN AND COGNITION,,BRAIN-COMPUTER-INTERFACE; MENTAL-IMAGERY; KINESTHETIC IMAGERY; PAIN PERCEPTION; DEFAULT MODE; BOLD SIGNAL; CORTEX; NETWORK; TOOL; MODULATION,15,17,ACADEMIC PRESS INC ELSEVIER SCIENCE,SAN DIEGO,2018,http://dx.doi.org/10.1016/j.bandc.2018.07.006,Neurosciences & Neurology; Psychology
"Aurucci, GV; Preatoni, G; Damiani, A; Raspopovic, S",Brain-Computer Interface to Deliver Individualized Multisensory Intervention for Neuropathic Pain,NEUROTHERAPEUTICS,Neuropathic pain; Transcutaneous electrical nerve stimulation; Virtual reality; EEG; Skin conductance; BCI,DIABETIC POLYNEUROPATHY; OSCILLATORY ACTIVITY; VIRTUAL-REALITY; ORIGIN,14,19,ELSEVIER SCIENCE INC,NEW YORK,2023,http://dx.doi.org/10.1007/s13311-023-01396-y,Neurosciences & Neurology; Pharmacology & Pharmacy
"Proverbio, AM; Pischedda, F",Measuring brain potentials of imagination linked to physiological needs and motivational states,FRONTIERS IN HUMAN NEUROSCIENCE,EEG; ERP; mental imagery; motivational states; ERP markers; brain computer interface (BCI),EARLY VISUAL-CORTEX; MENTAL-IMAGERY; MOTOR IMAGERY; PERCEPTION; APPETITE; SYSTEM; GYRUS; HEAT; COLD,14,15,FRONTIERS MEDIA SA,LAUSANNE,2023,http://dx.doi.org/10.3389/fnhum.2023.1146789,Neurosciences & Neurology; Psychology
"Chen, Y; Zhang, GK; Guan, LX; Gong, C; Ma, BZ; Hao, HW; Li, LM",Progress in the development of a fully implantable brain-computer interface: the potential of sensing-enabled neurostimulators,NATIONAL SCIENCE REVIEW,,PREDICTION,14,20,OXFORD UNIV PRESS,OXFORD,2022,http://dx.doi.org/10.1093/nsr/nwac099,Science & Technology - Other Topics
"Marino, S; Jassar, H; Kim, DJ; Lim, M; Nascimento, TD; Dinov, ID; Koeppe, RA; DaSilva, AF",Classifying migraine using PET compressive big data analytics of brain's μ-opioid and D2/D3 dopamine neurotransmission,FRONTIERS IN PHARMACOLOGY,migraine disease; artificial intelligence; dopamine (raclopride); mu-opioid (carfentanil); computer-aided diagnosis; PET imaging data; CBDA,PAIN; SUPPORT; CONNECTIVITY; ACTIVATION; ALLODYNIA; DISEASE; PUTAMEN; CORTEX; MRI,13,14,FRONTIERS MEDIA SA,LAUSANNE,2023,http://dx.doi.org/10.3389/fphar.2023.1173596,Pharmacology & Pharmacy
"Xu, FZ; Wang, CF; Yu, X; Zhao, JZ; Liu, M; Zhao, JQ; Gao, LC; Jiang, XQ; Zhu, ZX; Wu, YJ; Wang, DZ; Feng, SX; Yin, S; Zhang, Y; Leng, JC",One-Dimensional Local Binary Pattern and Common Spatial Pattern Feature Fusion Brain Network for Central Neuropathic Pain,INTERNATIONAL JOURNAL OF NEURAL SYSTEMS,Spinal cord injury; central nervous pain; functional connectivity; phase locking value; motor imagery,SPINAL-CORD-INJURY; SINGLE TRIAL EEG; FUNCTIONAL CONNECTIVITY; DEFAULT-MODE; MOTOR RECOVERY; EPILEPTIC EEG; GRAPH-THEORY; CLASSIFICATION; CORTEX; REORGANIZATION,13,14,WORLD SCIENTIFIC PUBL CO PTE LTD,SINGAPORE,2023,http://dx.doi.org/10.1142/S0129065723500302,Computer Science
"Zeng, FG; Tran, P; Richardson, M; Sun, SP; Xu, YC",Human Sensation of Transcranial Electric Stimulation,SCIENTIFIC REPORTS,,DEEP BRAIN-STIMULATION; CUTANEOUS SENSATION; VISUAL-CORTEX; HEARING-LOSS; PERCEPTION; ADAPTATION; SAFETY; MODEL; MOTOR; MODULATION,13,18,NATURE PORTFOLIO,BERLIN,2019,http://dx.doi.org/10.1038/s41598-019-51792-8,Science & Technology - Other Topics
"Pais-Vieira, C; Figueiredo, JG; Perrotta, A; Matos, D; Aguiar, M; Ramos, J; Gato, M; Poleri, T; Pais-Vieira, M",Activation of a Rhythmic Lower Limb Movement Pattern during the Use of a Multimodal Brain-Computer Interface: A Case Study of a Clinically Complete Spinal Cord Injury,LIFE-BASEL,spinal cord injury; brain-computer interface; virtual reality; multimodal stimulation; central gait pattern generator,PAIN; SCALE; EMBODIMENT; GENERATORS; VALIDATION; PLASTICITY; OWNERSHIP; FREQUENCY; SEVERITY; LIFE,12,15,MDPI,BASEL,2024,http://dx.doi.org/10.3390/life14030396,Life Sciences & Biomedicine - Other Topics; Microbiology
"Demarest, P; Rustamov, N; Swift, J; Xie, T; Adamek, M; Cho, H; Wilson, E; Han, ZY; Belsten, A; Luczak, N; Brunner, P; Haroutounian, S; Leuthardt, EC",A novel theta-controlled vibrotactile brain-computer interface to treat chronic pain: a pilot study,SCIENTIFIC REPORTS,,TRANSCRANIAL MAGNETIC STIMULATION; PREFRONTAL CORTEX; CLINICAL-TRIALS; OUTCOME MEASURES; PLASTICITY; RTMS; EEG; MINDFULNESS; RECOVERY; REORGANIZATION,12,14,NATURE PORTFOLIO,BERLIN,2024,http://dx.doi.org/10.1038/s41598-024-53261-3,Science & Technology - Other Topics
"Fried-Oken, M; Mooney, A; Peters, B; Oken, B",A clinical screening protocol for the RSVP Keyboard brain-computer interface,DISABILITY AND REHABILITATION-ASSISTIVE TECHNOLOGY,Augmentative and alternative communication; brain-computer interface; cognition; locked-in syndrome; screening,LOCKED-IN SYNDROME; ALTERNATIVE COMMUNICATION; COGNITIVE IMPAIRMENT; PAIN; REHABILITATION; TECHNOLOGY; PEOPLE; ACCESS; SERIES; HEAD,12,16,TAYLOR & FRANCIS INC,PHILADELPHIA,2015,http://dx.doi.org/10.3109/17483107.2013.836684,Rehabilitation
"Tayeb, Z; Dragomir, A; Lee, JH; Abbasi, NI; Dean, E; Bandla, A; Bose, R; Sundar, R; Bezerianos, A; Thakor, N; Cheng, G",Distinct spatio-temporal and spectral brain patterns for different thermal stimuli perception,SCIENTIFIC REPORTS,,ANTERIOR CINGULATE CORTEX; CEREBRAL RESPONSES; ACUTE PAIN; EEG; FMRI; SEGMENTATION; SIGNALS; HUMANS; SYSTEM; HAND,11,12,NATURE PORTFOLIO,BERLIN,2022,http://dx.doi.org/10.1038/s41598-022-04831-w,Science & Technology - Other Topics
"Horki, P; Neuper, C; Pfurtscheller, G; Müller-Putz, G",Asynchronous steady-state visual evoked potential based BCI control of a 2-DoF artificial upper limb,BIOMEDIZINISCHE TECHNIK,brain-computer interface (BCI); canonical correlation analysis (CCA); electroencephalogram (EEG); hand and elbow neuroprosthesis; neuroprosthesis; steady-state visual evoked potential (SSVEP),BRAIN-COMPUTER INTERFACES; MOTOR IMAGERY; SWITCH; COMMUNICATION; PROSTHESIS; SEARCH,11,11,WALTER DE GRUYTER GMBH,BERLIN,2010,http://dx.doi.org/10.1515/BMT.2010.044,Engineering; Medical Informatics
"Pais-Vieira, C; Gaspar, P; Matos, D; Alves, LP; da Cruz, BM; Azevedo, MJ; Gago, M; Poleri, T; Perrotta, A; Pais-Vieira, M",Embodiment Comfort Levels During Motor Imagery Training Combined With Immersive Virtual Reality in a Spinal Cord Injury Patient,FRONTIERS IN HUMAN NEUROSCIENCE,embodiment; bodily experience; spinal cord injured (SCI); brain-machine (computer) interface; comfort and human perception; tactile; thermal; virtual reality,NEUROPATHIC PAIN; BODY OWNERSHIP; BRAIN; SCALE; BCI; REHABILITATION; VALIDATION; SEVERITY; ILLUSION,10,14,FRONTIERS MEDIA SA,LAUSANNE,2022,http://dx.doi.org/10.3389/fnhum.2022.909112,Neurosciences & Neurology; Psychology
"Saif, MGM; Hassan, MA; Vuckovic, A",Efficacy evaluation of neurofeedback applied for treatment of central neuropathic pain using machine learning,SN APPLIED SCIENCES,Electroencephalography; Neuropathic pain; Neurofeedback training; Motor imagery; EEG classification; Paraplegic patients; BCI,EEG; CLASSIFICATION; SIGNALS; ELECTROENCEPHALOGRAPHY; MECHANISMS; MANAGEMENT,10,12,SPRINGER INT PUBL AG,CHAM,2021,http://dx.doi.org/10.1007/s42452-020-04035-9,Science & Technology - Other Topics
"Quick, KM; Weiss, JM; Clemente, F; Gaunt, RA; Collinger, JL",Intracortical Microstimulation Feedback Improves Grasp Force Accuracy in a Human Using a Brain-Computer Interface,42ND ANNUAL INTERNATIONAL CONFERENCES OF THE IEEE ENGINEERING IN MEDICINE AND BIOLOGY SOCIETY: ENABLING INNOVATIVE TECHNOLOGIES FOR GLOBAL HEALTHCARE EMBC'20,,SENSORY FEEDBACK,10,13,IEEE,NEW YORK,2020,http://dx.doi.org/10.1109/embc44109.2020.9175926,Engineering
"Lee, MB; Kramer, DR; Peng, T; Barbaro, MF; Liu, CY; Kellis, S; Lee, B",Brain-Computer Interfaces in Quadriplegic Patients,NEUROSURGERY CLINICS OF NORTH AMERICA,Brain-computer interfaces (BCI); Neuromodulation; Brain-machine interfaces (BMI); Functional electrical stimulation (FES),RANDOMIZED CONTROLLED-TRIAL; POSTERIOR PARIETAL CORTEX; SPINAL-CORD STIMULATION; ELECTRICAL-STIMULATION; NEUROPATHIC PAIN; FOLLOW-UP; TETRAPLEGIA; ELECTRODES; MOVEMENT; INJURY,10,14,W B SAUNDERS CO-ELSEVIER INC,PHILADELPHIA,2019,http://dx.doi.org/10.1016/j.nec.2018.12.009,Neurosciences & Neurology; Surgery
"Khanam, T; Siuly, S; Wang, H",An optimized artificial intelligence based technique for identifying motor imagery from EEGs for advanced brain computer interface technology,NEURAL COMPUTING & APPLICATIONS,Brain computer interface (BCI); Electroencephalogram (EEG); Motor imagery (MI); Machine learning; Common spatial pattern (CSP); Medium K nearest neighbor (MKNN),CHANNEL SELECTION; CLASSIFICATION,9,9,SPRINGER LONDON LTD,LONDON,2023,http://dx.doi.org/10.1007/s00521-022-08027-1,Computer Science
"Steele, AG; Manson, GA; Horner, PJ; Sayenko, DG; Contreras-Vidal, JL",Effects of transcutaneous spinal stimulation on spatiotemporal cortical activation patterns: a proof-of-concept EEG study,JOURNAL OF NEURAL ENGINEERING,EEG; functional connectivity; spinal cord; spinal stimulation; movement; cortical activation; EEG source reconstruction,SUPPLEMENTARY MOTOR AREA; CORD STIMULATION; PERIAQUEDUCTAL GRAY; VOLUNTARY MOVEMENTS; NEURAL MECHANISMS; PREMOTOR CORTEX; INJURY; HUMANS; PAIN; ORGANIZATION,9,12,IOP Publishing Ltd,BRISTOL,2022,http://dx.doi.org/10.1088/1741-2552/ac7b4b,Engineering; Neurosciences & Neurology
"Tang, JS; Zhou, ZT; Yu, Y",A Hybrid Brain Computer Interface for Robot Arm Control,2016 8TH INTERNATIONAL CONFERENCE ON INFORMATION TECHNOLOGY IN MEDICINE AND EDUCATION (ITME),Brain Computer Interface; EEG; EMG; Robotic Arm,BCI,9,10,IEEE,NEW YORK,2016,http://dx.doi.org/10.1109/ITME.2016.159,Computer Science
"Folgheraiter, M; Kirchner, EA; Seeland, A; Kim, SK; Jordan, M; Woehrle, H; Bongardt, B; Schmidt, S; Albiez, JC; Kirchner, F",A MULTIMODAL BRAIN-ARM INTERFACE FOR OPERATION OF COMPLEX ROBOTIC SYSTEMS AND UPPER LIMB MOTOR RECOVERY,BIODEVICES 2011,Haptic Interface; Bio-Inspired Design; Brain-Computer Interface; Wearable Exoskeleton; Support Vector Machine; Adaptive Brain Reading Interface; Electroencephalogram; Lateralized Readiness Potential; Bereitschaftspotential,SINGLE-TRIAL EEG; CLASSIFICATION,9,9,SCITEPRESS,SETUBAL,2011,,Engineering
"Kashefi, M; Daliri, MR",A stack LSTM structure for decoding continuous force from local field potential signal of primary motor cortex (M1),BMC BIOINFORMATICS,LFP; Force decoding; LSTM; BCI,GRASP KINEMATICS; REMOVAL; FILTER; REACH,8,9,BMC,LONDON,2021,http://dx.doi.org/10.1186/s12859-020-03953-0,Biochemistry & Molecular Biology; Biotechnology & Applied Microbiology; Mathematical & Computational Biology
"Hayashi, M; Tsuchimoto, S; Mizuguchi, N; Miyatake, M; Kasuga, S; Ushiba, J",Two-stage regression of high-density scalp electroencephalograms visualizes force regulation signaling during muscle contraction,JOURNAL OF NEURAL ENGINEERING,electroencephalogram; brain-computer interface; principal component analysis; multiple linear regression; force-matching task,BRAIN-COMPUTER INTERFACE; FINGER MOVEMENTS; FEATURE-SELECTION; MOTOR; SENSORIMOTOR; CONNECTIVITY; ACTIVATION; PRECISION; EXTENSION; RESPONSES,8,9,IOP PUBLISHING LTD,BRISTOL,2019,http://dx.doi.org/10.1088/1741-2552/ab221a,Engineering; Neurosciences & Neurology
"Guo, Y; Wang, M; Zheng, TW; Li, YC; Wang, P; Qin, XB",NAO Robot Limb Control Method Based on Motor Imagery EEG,"2020 INTERNATIONAL SYMPOSIUM ON COMPUTER, CONSUMER AND CONTROL (IS3C 2020)",Brain-computer interface; EEG; subband filter; co-space algorithm; integrated learning algorithm; motion imagination; NAO robot,,7,7,IEEE,NEW YORK,2021,http://dx.doi.org/10.1109/IS3C50286.2020.00141,Computer Science
"Karunasena, SP; Ariyarathna, DC; Ranaweera, R; Wijayakulasooriya, J; Kim, K; Dassanayake, T",Single-Channel EEG SSVEP-based BCI for Robot Arm Control,2021 IEEE SENSORS APPLICATIONS SYMPOSIUM (SAS 2021),SSVEP-based BCI; Euclidean distance; single-channel; FFT spectral peaks,BRAIN-COMPUTER INTERFACES,7,8,IEEE,NEW YORK,2021,http://dx.doi.org/10.1109/SAS51076.2021.9530189,Engineering; Instruments & Instrumentation; Remote Sensing
"Dehzangi, O; Zou, Y; Jafari, R",Simultaneous classification of motor imagery and SSVEP EEG signals,2013 6TH INTERNATIONAL IEEE/EMBS CONFERENCE ON NEURAL ENGINEERING (NER),,BRAIN-COMPUTER INTERFACES,7,7,IEEE,NEW YORK,2013,,Engineering; Neurosciences & Neurology
"Lun, XM; Zhang, YF; Zhu, MY; Lian, YH; Hou, YM",A Combined Virtual Electrode-Based ESA and CNN Method for MI-EEG Signal Feature Extraction and Classification,SENSORS,brain-computer interface (BCI); electroencephalography (EEG); motor imagery (MI); EEG source analysis (ESA); convolutional neural network (CNN),BRAIN-COMPUTER INTERFACE; MOTOR IMAGERY; PREFRONTAL CORTEX; CHANNEL SELECTION; COMMUNICATION; TECHNOLOGY; INTENTION; MOVEMENT,6,7,MDPI,BASEL,2023,http://dx.doi.org/10.3390/s23218893,Chemistry; Engineering; Instruments & Instrumentation
"Gholinezhad, S; Farina, D; Dosen, S; Dideriksen, J",Encoding force modulation in two electrotactile feedback parameters strengthens sensory integration according to maximum likelihood estimation,SCIENTIFIC REPORTS,,STIMULATION; INFORMATION; STUMP,6,6,NATURE PORTFOLIO,BERLIN,2023,http://dx.doi.org/10.1038/s41598-023-38753-y,Science & Technology - Other Topics
"Norton, L; Graham, M; Kazazian, K; Gofton, T; Weijer, C; Debicki, D; Fernandez-Espejo, D; Al Thenayan, E; Owen, AM",Use of functional magnetic resonance imaging to assess cognition and consciousness in severe Guillain-Barre syndrome,INTERNATIONAL JOURNAL OF CLINICAL AND HEALTH PSYCHOLOGY,Guillain-Barre syndrome; Functional magnetic resonance imaging; Functional neuroimaging; Augmentative and alternative communication,BRAIN-COMPUTER-INTERFACE; DETECTING AWARENESS; DISORDERS; COMMUNICATION; PATHOGENESIS; VALIDATION; NETWORKS; PEOPLE; PAIN; EEG,6,8,ELSEVIER SCIENCE INC,NEW YORK,2023,http://dx.doi.org/10.1016/j.ijchp.2022.100347,Psychology
"Salisbury, DB; Driver, S; Parsons, TD",Brain-computer interface targeting non-motor functions after spinal cord injury: a case report,SPINAL CORD,,,6,7,NATURE PUBLISHING GROUP,LONDON,2015,http://dx.doi.org/10.1038/sc.2014.230,Neurosciences & Neurology; Rehabilitation
"Bobby, JS; Kapali, BSC; Kumar, US; Femina, MA",QCBO-WSVM: Quantum chaos butterfly optimization-based weighted support vector machine for neuropathic pain detection from EEG signal,INTERNATIONAL JOURNAL OF IMAGING SYSTEMS AND TECHNOLOGY,brain-computer Interface; central nervous system injury; central neuropathic pain; common spatial patterns; nature-inspired optimization; weighted incremental-decremental support vector machine classifier,NEUROFEEDBACK,5,5,WILEY,HOBOKEN,2023,http://dx.doi.org/10.1002/ima.22882,Engineering; Optics; Imaging Science & Photographic Technology
"Zhang, ZJ; Koike, Y",Clustered event related spectral perturbation (ERSP) feature in right hand motor imagery classification,FRONTIERS IN NEUROSCIENCE,brain-computer interface (BCI); motor imagery (MI); event related spectral perturbation (ERSP); right hand; same limb; clustered features,BRAIN-COMPUTER INTERFACES; COMMON SPATIAL-PATTERN; MENTAL SIMULATION; WAVELET TRANSFORM; EEG; ALGORITHMS; SELECTION,5,6,FRONTIERS MEDIA SA,LAUSANNE,2022,http://dx.doi.org/10.3389/fnins.2022.867480,Neurosciences & Neurology
"González-Zamorano, Y; Fernández-Carnero, J; Sánchez-Cuesta, FJ; Arroyo-Ferrer, A; Vourvopoulos, A; Figueiredo, P; Serrano, JI; Romero, JP",New Approaches Based on Non-Invasive Brain Stimulation and Mental Representation Techniques Targeting Pain in Parkinson's Disease Patients: Two Study Protocols for Two Randomized Controlled Trials,BRAIN SCIENCES,Parkinson’ s Disease; transcranial direct current stimulation; action observation; motor imagery; pain,,5,6,MDPI,BASEL,2021,http://dx.doi.org/10.3390/brainsci11010065,Neurosciences & Neurology
"Taschereau-Dumouchel, V; Roy, M",Could Brain Decoding Machines Change Our Minds?,TRENDS IN COGNITIVE SCIENCES,,,5,6,CELL PRESS,CAMBRIDGE,2020,http://dx.doi.org/10.1016/j.tics.2020.09.006,Behavioral Sciences; Neurosciences & Neurology; Psychology
"Levy, TJ; Beaty, JD",Revolutionizing Prosthetics: Neuroscience Framework,JOHNS HOPKINS APL TECHNICAL DIGEST,,,5,5,JOHNS HOPKINS UNIV APPLIED PHYSICS LABORATORY LLC,LAUREL,2011,,Engineering
"Venot, T; Desbois, A; Corsi, MC; Hugueville, L; Saint-Bauzel, L; Fallani, FD",Intentional binding for noninvasive BCI control,JOURNAL OF NEURAL ENGINEERING,hybrid BCI; EEG; motor imagery; robotic arm; functional connectivity; brain networks,BRAIN-COMPUTER INTERFACES; SENSE; COMMUNICATION; MOTION; STROKE,4,4,IOP Publishing Ltd,BRISTOL,2024,http://dx.doi.org/10.1088/1741-2552/ad628c,Engineering; Neurosciences & Neurology
"Tao, Q; Chao, HL; Fang, D; Dou, D",Progress in neurorehabilitation research and the support by the National Natural Science Foundation of China from 2010 to 2022,NEURAL REGENERATION RESEARCH,brain computer interface; invasive neuromodulation; National Natural Science Foundation of China (NSFC); neurorehabilitation; non-invasive brain stimulation; publication; rehabilitation robotics; virtual reality,NONINVASIVE BRAIN-STIMULATION; HEALTH-CARE PROFESSIONALS; VIRTUAL-REALITY; COMPUTER INTERFACE; NEUROPATHIC PAIN; MOTOR FUNCTION; SPINAL-CORD; H-INDEX; STROKE; REHABILITATION,4,6,WOLTERS KLUWER MEDKNOW PUBLICATIONS,MUMBAI,2024,http://dx.doi.org/10.4103/1673-5374.375342,Cell Biology; Neurosciences & Neurology
"Yanagisawa, T; Fukuma, R; Seymour, B; Tanaka, M; Yamashita, O; Hosomi, K; Kishima, H; Kamitani, Y; Saitoh, Y",Neurofeedback Training without Explicit Phantom Hand Movements and Hand-Like Visual Feedback to Modulate Pain: A Randomized Crossover Feasibility Trial,JOURNAL OF PAIN,Phantom limb pain; magnetoencephalography; neurofeedback training; brain-computer interface; sensorimotor plasticity,LIMB PAIN; CORTICAL REORGANIZATION; CORTEX; MOTOR; FMRI; MRI,4,7,CHURCHILL LIVINGSTONE,EDINBURGH,2022,http://dx.doi.org/10.1016/j.jpain.2022.07.009,Neurosciences & Neurology
"Shamsi, F; Haddad, A; Najafizadeh, L",Recognizing Pain in Motor Imagery EEG Recordings Using Dynamic Functional Connectivity Graphs,42ND ANNUAL INTERNATIONAL CONFERENCES OF THE IEEE ENGINEERING IN MEDICINE AND BIOLOGY SOCIETY: ENABLING INNOVATIVE TECHNOLOGIES FOR GLOBAL HEALTHCARE EMBC'20,,THERMAL PAIN; CLASSIFICATION,4,6,IEEE,NEW YORK,2020,,Engineering
"Duan, SC; Wang, C; Li, MY; Long, XG; Wu, XY; Feng, W",Haptic and Visual Enhance-based Motor Imagery BCI for Rehabilitation Lower-Limb Exoskeleton,"2019 IEEE INTERNATIONAL CONFERENCE ON ROBOTICS AND BIOMIMETICS, ROBIO",motor imagery; visual; haptic; lower-limb exoskeleton; rehabilitation,CLASSIFICATION; FEEDBACK,4,4,IEEE,NEW YORK,2019,,Automation & Control Systems; Computer Science; Engineering; Robotics
"Kono, S; Aminaka, D; Makino, S; Rutkowski, TM",EEG Signal Processing and Classification for the Novel Tactile-Force Brain-Computer Interface Paradigm,2013 INTERNATIONAL CONFERENCE ON SIGNAL-IMAGE TECHNOLOGY & INTERNET-BASED SYSTEMS (SITIS),EEG; tactile BCI; brain signal processing; brain somatosensory evoked response,,4,5,IEEE,NEW YORK,2013,http://dx.doi.org/10.1109/SITIS.2013.132,Computer Science; Engineering
"Walter, A; Naros, G; Roth, A; Rosenstiel, W; Gharabaghi, A; Bogdan, M",A brain-computer interface for chronic pain patients using epidural ECoG and visual feedback,IEEE 12TH INTERNATIONAL CONFERENCE ON BIOINFORMATICS & BIOENGINEERING,Brain-computer interfaces; chronic pain; phantom limb; stroke; electrocorticography,PHANTOM-LIMB,4,5,IEEE,NEW YORK,2012,,Engineering; Medical Informatics
"Zuo, CW; Yin, Y; Wang, HC; Zheng, ZY; Ma, XY; Yang, Y; Wang, J; Wang, S; Huang, ZG; Ye, CQ",Enhancing classification of a large lower-limb motor imagery EEG dataset for BCI in knee pain patients,SCIENTIFIC DATA,,BRAIN-COMPUTER-INTERFACE; OSTEOARTHRITIS; ACTIVATION; STRATEGIES; BURDEN,3,3,NATURE PORTFOLIO,BERLIN,2025,http://dx.doi.org/10.1038/s41597-025-05767-2,Science & Technology - Other Topics
"Reynolds, HL; Hanafy, MA; Jones, J; Harris, D; Popa, DO",Comparative Study of One-Handed vs Two-Handed EEG Intent Recognition for Applications in Human-Robot Interaction,"17TH ACM INTERNATIONAL CONFERENCE ON PERVASIVE TECHNOLOGIES RELATED TO ASSISTIVE ENVIRONMENTS, PETRA 2024",Brain-Computer Interaction (BCI); Human-Robot Interaction (HRI); Rehabilitation; Electroencephalography (EEG) classification,,3,3,ASSOC COMPUTING MACHINERY,NEW YORK,2024,http://dx.doi.org/10.1145/3652037.3663937,Computer Science; Engineering
"Xiong, YB; Li, JM; Zhuang, Y; Zhao, XY; Xu, YL; Jie, LL",CT-MIFNet: Convolutional transformer-based multi-view interaction and fusion network for EEG decoding,BIOMEDICAL SIGNAL PROCESSING AND CONTROL,Brain-computer interface; Motor Imagery; Pain Perception; Transformer; Multi-view Information; Feature Interaction and Fusion,NEURAL-NETWORK; CLASSIFICATION,2,2,ELSEVIER SCI LTD,London,2026,http://dx.doi.org/10.1016/j.bspc.2025.108421,Engineering
"Rao, RPN",Brain Co-processors: Using AI to Restore and Augment Brain Function,HANDBOOK OF NEUROENGINEERING,Brain-machine interface; Artificial intelligence; Deep learning; Reinforcement learning; Neural prosthetics; Sensory prosthesis; Rehabilitation; Neuromodulation; Brain augmentation; Brain-to-brain interface,COMPUTER INTERFACE; SOMATOSENSORY FEEDBACK; CORTICAL CONTROL; STIMULATION; MOVEMENT; NEUROTECHNOLOGIES; TETRAPLEGIA; PROSTHESIS; PLASTICITY; NEURONS,2,2,SPRINGER-VERLAG SINGAPORE PTE LTD,SINGAPORE,2023,http://dx.doi.org/10.1007/978-981-16-5540-1_32,Engineering; Neurosciences & Neurology
"Foldes, ST; Chandrasekaran, S; Camerone, J; Lowe, J; Ramdeo, R; Ebersole, J; Bouton, CE",Case Study: Mapping Evoked Fields in Primary Motor and Sensory Areas via Magnetoencephalography in Tetraplegia,FRONTIERS IN NEUROLOGY,magnetoencephalography; paralysis; sensorimotor cortex; brain-computer interfaces folds; neuroprosthetics,MODULATION; CORTEX; SPIKE; MEG,2,2,FRONTIERS MEDIA SA,LAUSANNE,2021,http://dx.doi.org/10.3389/fneur.2021.739693,Neurosciences & Neurology
"Amalina, HN; Najeb, JM; Sujana, MR; Zulkifli, A; Farha, Z; Salam, AH; Chu, AR; Amir, A",P300 Somatosensory Validation of Vibrotactile Haptic Feedback for Upper Limb Prosthesis,1ST NATIONAL BIOMEDICAL ENGINEERING CONFERENCE (NBEC 2021): ADVANCED TECHNOLOGY FOR MODERN HEALTHCARE,haptic feedback; P300; somatosensory; vibrotactile,,2,2,IEEE,NEW YORK,2021,http://dx.doi.org/10.1109/NBEC53282.2021.9618709,Computer Science; Engineering
"Agrawal, M; Vidyashankar, S; Huang, K",On-Chip Implementation of ECoG Signal Data Decoding in Brain-Computer Interface,PROCEEDINGS OF THE 2016 IEEE 21ST INTERNATIONAL MIXED-SIGNALS TEST WORKSHOP (IMSTW),,,2,2,IEEE,NEW YORK,2016,,Engineering
"Haggag, S; Mohamed, S; Haggag, O; Nahavandi, S",Prosthetic Motor Imaginary Task Classification Based on EEG Quality Assessment Features,"NEURAL INFORMATION PROCESSING, ICONIP 2015, PT IV",,BRAIN-COMPUTER INTERFACES; SIGNALS; PEOPLE,2,2,SPRINGER INTERNATIONAL PUBLISHING AG,CHAM,2015,http://dx.doi.org/10.1007/978-3-319-26561-2_11,Computer Science; Robotics
"Ashari, RB; Al-Bidewi, IA; Kamel, MI",Design and simulation of virtual telephone keypad control based on brain computer interface (BCI) with very high transfer rates,ALEXANDRIA ENGINEERING JOURNAL,Brain Computer Interface; Steady State Visual Evoked Potential; Dynamic Programming; Longest Common Subsequence,,2,3,ELSEVIER SCIENCE INC,NEW YORK,2011,http://dx.doi.org/10.1016/j.aej.2011.01.008,Engineering
"Kozai, TDY; Hooks, BM; Vazquez, AL; Gharbawie, OA; Huang, CC; Graczyk, E; Smith, MA; Taylor, DM; Hernandez-Reynoso, AG; London, AJ; Ford, PJ; Anderson, EP; Chen, X; Flick, AI; Parker, LS; Gaunt, RA",Solving the problem of inception: a cross-species perspective on strategies for a mechanistic refinement of intracortical microstimulation,JOURNAL OF NEURAL ENGINEERING,integrated team science; neural engineering; translational neuroscience; electrical stimulation; cross-disciplinary research; cross-translational research; neurocomputation,ELECTRICAL BRAIN-STIMULATION; CENTRAL-NERVOUS-SYSTEM; C2 BARREL COLUMN; PAIN REDUCTION; SOMATOSENSORY CORTEX; BEHAVIORAL DETECTION; COMPUTER INTERFACE; CALCIUM INDICATORS; VISUAL PROSTHESIS; CORTICAL-NEURONS,1,1,IOP Publishing Ltd,Bristol,2026,http://dx.doi.org/10.1088/1741-2552/ae54cf,Engineering; Neurosciences & Neurology
"Sebastián-Romagosa, M; Cho, WS; Ortner, R; Sieghartsleitner, S; Guger, M; von Oertzen, TJ; Meuth, SG; Laureys, S; Allison, BZ; Guger, C",Toward Brain-Computer Interface motor rehabilitation for people with Multiple Sclerosis,FRONTIERS IN MEDICINE,Brain-Computer Interface; Multiple Sclerosis; gait rehabilitation; EEG; motor imagery (MI); functional electrical simulation (FES); virtual reality; motor rehabilitation,QUALITY-OF-LIFE; MENTAL PRACTICE; IMAGERY; IMPACT; STROKE; RECOVERY; FATIGUE; SCALE; GAIT,1,1,FRONTIERS MEDIA SA,LAUSANNE,2026,http://dx.doi.org/10.3389/fmed.2025.1661972,General & Internal Medicine
"Wei, ZX; Lin, XM; Zhang, LY; Guo, LF; Liu, JX; Hu, L; Liu, YU; Kong, YZ",CoSpine open access simultaneous cortico-spinal fMRI database of thermal pain and motor tasks,SCIENTIFIC DATA,,CERVICAL-SPINAL CORD; ECHO-PLANAR IMAGES; B-0 FIELD; FUNCTIONAL CONNECTIVITY; BRAIN; ROBUST; NOISE; OPTIMIZATION; REGISTRATION; DISTORTION,1,1,NATURE PORTFOLIO,BERLIN,2025,http://dx.doi.org/10.1038/s41597-025-05982-x,Science & Technology - Other Topics
"Aamir, A; Siddiqui, M","Integration of brain-computer interfaces with sacral nerve stimulation: a vision for closed-loop, volitional control of bladder function in neurogenic patients through real-time cortical signal modulation and peripheral neuro-stimulation",WORLD JOURNAL OF UROLOGY,Sacral nerve stimulation; Brain-computer interfaces; Neurostimulation therapy; Neuromodulation,SPINAL-CORD-INJURY; URINARY,1,1,SPRINGER,NEW YORK,2025,http://dx.doi.org/10.1007/s00345-025-05683-5,Urology & Nephrology
"Bhattacharya, S; Bhattacharya, K",Brain Computer Interface-Its Possible Clinical Applications,INDIAN JOURNAL OF SURGERY,Neuralink; Brain computer interface; Elon Musk; Epilepsy; Quadriplegia; Parkinson's disease; Spinal cord injury,,1,1,SPRINGER INDIA,NEW DELHI,2024,http://dx.doi.org/10.1007/s12262-024-04068-z,Surgery
"Yang, HX; Yanagisawa, T",Is Phantom Limb Awareness Necessary for the Treatment of Phantom Limb Pain?,NEUROLOGIA MEDICO-CHIRURGICA,phantom limb pain; magnetoencephalography; neurofeedback training; brain-computer interface; sensorimotor plasticity,CORTICAL REORGANIZATION; MIRROR THERAPY; ARM; REALITY; MRI,1,2,JAPAN NEUROSURGICAL SOC,TOKYO,2024,http://dx.doi.org/10.2176/jns-nmc.2023-0206,Neurosciences & Neurology; Surgery
"Tabernig, CB; Carrere, LC; Manresa, JB; Spaich, EG",Does feedback based on FES-evoked nociceptive withdrawal reflex condition event-related desynchronization? An exploratory study with brain-computer interfaces,BIOMEDICAL PHYSICS & ENGINEERING EXPRESS,brain computer interface; nociceptive stimuli; functional electrical stimulation; event related desynchronization; nociceptive withdrawal reflex,FUNCTIONAL ELECTRICAL-STIMULATION; MOTOR IMAGERY; STROKE REHABILITATION; MACHINE INTERFACE; LOWER-LIMB; BCI; MODULATION; RHYTHMS; PROOF,1,1,IOP Publishing Ltd,BRISTOL,2021,http://dx.doi.org/10.1088/2057-1976/ac2077,"Radiology, Nuclear Medicine & Medical Imaging"
"Saduanov, B; Tokmurzina, D; Kunanbayev, K; Abibullaev, B",Design and Optimization of a Real-Time Asynchronous BCI Control Strategy for Robotic Manipulator Assistance,2020 8TH INTERNATIONAL WINTER CONFERENCE ON BRAIN-COMPUTER INTERFACE (BCI),,BRAIN-COMPUTER INTERFACE,1,2,IEEE,NEW YORK,2020,http://dx.doi.org/10.1109/bci48061.2020.9061608,Computer Science
"Zhang, SL; Wang, S; Zheng, DZ; Na, R; Zhu, K; Ma, K; Li, DP",EEG based method for the decoding of complex arm motor imagery tasks,2018 IEEE INTERNATIONAL CONFERENCE ON IMAGING SYSTEMS AND TECHNIQUES (IST),Brain-computer interfirce; motor imagery; source based method; classification accuracy; Information transmission rate,,1,1,IEEE,NEW YORK,2018,,Imaging Science & Photographic Technology
"Gutiérrez-Martínez, J; Núñez-Gaona, MA; Carrillo-Mora, P",Technological advances in neurorehabilitation,REVISTA DE INVESTIGACION CLINICA-CLINICAL AND TRANSLATIONAL INVESTIGATION,Electrotherapy; Functional electric therapy; TENS; BCI; Neuroprosthesis,FUNCTIONAL ELECTRICAL-STIMULATION; MOTOR CORTEX EXCITABILITY; SPINAL-CORD-INJURY; VIRTUAL-REALITY; CHRONIC STROKE; NERVE-STIMULATION; BRAIN PLASTICITY; PARETIC ARM; THERAPY; PAIN,1,1,INST NACIONAL NUTRICION,MEXICO,2014,,General & Internal Medicine
"Tringale, K; Bacher, D; Hochberg, L",Towards the Optimal Design of an Assistive Communication Interface with Neural Input,2012 38TH ANNUAL NORTHEAST BIOENGINEERING CONFERENCE (NEBEC),,TETRAPLEGIA,1,1,IEEE,NEW YORK,2012,,Engineering
"Lim, J; Wang, PT; Sohn, WJ; Lin, D; Thaploo, S; Bashford, L; Bjanes, DA; Nguyen, A; Gong, H; Armacost, M; Shaw, SJ; Kellis, S; Lee, B; Lee, DJ; Heydari, P; Andersen, RA; Nenadic, Z; Liu, CY; Do, AH",Real-time brain-computer interface control of walking exoskeleton with bilateral sensory feedback,BRAIN STIMULATION,Brain-computer interface; Bidirectional brain-computer interface; Electrocorticography; Direct cortical electrical stimulation; Spinal cord injury,SPINAL-CORD-INJURY; ELECTRICAL-STIMULATION; EPIDURAL STIMULATION; SYSTEM; PRIORITIES; RECOVERY; GAIT,0,0,ELSEVIER SCIENCE INC,NEW YORK,2026,http://dx.doi.org/10.1016/j.brs.2026.103065,Neurosciences & Neurology
"Roualdes, V; Moussaoui, S; Normand, JM; Kuhn, E; Nizard, J; Van Langhenhove, A",EEG-based brain-computer interface with immersive virtual reality for phantom limb pain: a single-center pilot neurofeedback trial,FRONTIERS IN HUMAN NEUROSCIENCE,brachial plexus injury; brain-computer interface; electroencephalography; motor imagery; neurofeedback; phantom limb pain; virtual reality,CORTICAL REORGANIZATION; MOTOR EXECUTION; MIRROR THERAPY; IMAGERY; AMPUTEES; CORTEX,0,0,FRONTIERS MEDIA SA,LAUSANNE,2026,http://dx.doi.org/10.3389/fnhum.2026.1697837,Neurosciences & Neurology; Psychology
"Reyes-Jiménez, F; Rosas-Agraz, F; Macias-Naranjo, E; Alvarado-Rodríguez, FJ; Vélez-Pérez, H; Romo-Vázquez, R; Guzmán-Quezada, E",EEG and EMG dataset for analyzing movement-related cortical potentials in hand gesture tasks,DATA IN BRIEF,BCI; EEG-based prosthetics; Hand gesture analysis; MRCP; Neural signal processing; Machine learning for neurorehabilitation,,0,0,ELSEVIER,AMSTERDAM,2026,http://dx.doi.org/10.1016/j.dib.2026.112596,Science & Technology - Other Topics
"Chen, H; Li, ZT; Inoue, Y; Zhou, GQ; Jimenez-Borgonio, ET; Sanchez-Garcia, JC; Jiang, YL; Yokoi, H; Li, YC; Yong, X; Jing, XB",A Motor Imagery BCI-Triggered Hand Exoskeleton for Rehabilitation: Achieving Major Grasp Functions via Precise Finger Movement Control,ELECTRONICS,stroke-induced dysfunction; hand exoskeleton; motor imagery; Force-Topology Coupling Control,BRAIN-COMPUTER INTERFACE; STROKE; DESIGN; THERAPY,0,0,MDPI,BASEL,2026,http://dx.doi.org/10.3390/electronics15050965,Computer Science; Engineering; Physics
"Wang, JL; Li, XD; Lu, XY; Fei, NB; Huang, W; Hu, Y",A Somatosensory ERP-BCI System for Post-Stroke Hand Function Rehabilitation Applications,IEEE TRANSACTIONS ON INSTRUMENTATION AND MEASUREMENT,Somatosensory; Electroencephalography; Hands; Headphones; Exoskeletons; Intent recognition; Wrist; Visualization; Transfer learning; Motors; Brain-computer interface (BCI); event-related potentials (ERPs); hand function rehabilitation; neural networks; poststroke; somatosensory stimulation,BRAIN-COMPUTER INTERFACE; EEG; TRANSFORMER; GENERATORS,0,0,IEEE-INST ELECTRICAL ELECTRONICS ENGINEERS INC,PISCATAWAY,2026,http://dx.doi.org/10.1109/TIM.2026.3652757,Engineering; Instruments & Instrumentation
"Proverbio, AM; Dishi, Y",ERP Signatures of Stimulus Choice in Gaze-Independent BCI Communication,APPLIED SCIENCES-BASEL,EEG; brain-computer interface; motor potential; motor preparation; P300 speller; locked-in syndrome; pictionary; augmented communication,BRAIN; EEG; POTENTIALS; ATTENTION; SPELLER; CORTEX; CNV,0,0,MDPI,BASEL,2025,http://dx.doi.org/10.3390/app152211888,Chemistry; Engineering; Materials Science; Physics
"Bonnin, M; Elizalde, S; Barboza, J; Brunetti, F",Brain-Computer Interface Towards Motor Rehabilitation,"CONVERGING CLINICAL AND ENGINEERING RESEARCH ON NEUROREHABILITATION V, ICNR 2024, VOL 1",,,0,0,SPRINGER INTERNATIONAL PUBLISHING AG,CHAM,2025,http://dx.doi.org/10.1007/978-3-031-77588-8_140,Engineering; Neurosciences & Neurology; Rehabilitation
"Kim, SH; Kim, SJ; Lee, DH",Neurophysiological Analysis in Motor and Sensory Cortices for Improving Motor Imagination,"2025 13TH INTERNATIONAL CONFERENCE ON BRAIN-COMPUTER INTERFACE, BCI",brain-computer interface; electroencephalogram; motor execution; motor imagery,EEG; BCI,0,0,IEEE,NEW YORK,2025,http://dx.doi.org/10.1109/BCI65088.2025.10931728,Computer Science; Neurosciences & Neurology
"Subramanian, A; Najafizadeh, L",DETECTING PAIN DURING COGNITIVE TASKS VIA VISIBILITY GRAPHS OF CORTICAL SIGNALS,"2025 IEEE 22ND INTERNATIONAL SYMPOSIUM ON BIOMEDICAL IMAGING, ISBI",Cognitive tasks; Pain; fNIRS; Visibility graphs; SVM,,0,0,IEEE,NEW YORK,2025,http://dx.doi.org/10.1109/ISBI60581.2025.10981165,"Computer Science; Engineering; Radiology, Nuclear Medicine & Medical Imaging"
"Mattei, E; Lozzi, D; Di Matteo, A; Cipriani, A; Manes, C; Placidi, G",MOVING: A Multi-Modal Dataset of EEG Signals and Virtual Glove Hand Tracking,SENSORS,BCI; EEG; virtual glove; EEGnetV4; dataset,MOTOR IMAGERY; CLASSIFICATION; RECOGNITION; FEATURES,0,1,MDPI,BASEL,2024,http://dx.doi.org/10.3390/s24165207,Chemistry; Engineering; Instruments & Instrumentation
"Taheri, M; Aske, AE; Tan, K",Developing a Serious Game for Acute Pain Detection by Utilizing Virtual Reality and Brain-Computer Interfaces,"PROCEEDINGS OF NINTH INTERNATIONAL CONGRESS ON INFORMATION AND COMMUNICATION TECHNOLOGY, VOL 5, ICICT 2024",BCI; VR; Pain; Acute pain; Game; Simulation,,0,0,SPRINGER-VERLAG SINGAPORE PTE LTD,SINGAPORE,2024,http://dx.doi.org/10.1007/978-981-97-3289-0_8,Computer Science; Telecommunications
"Yu, YC; Fisher, H; Busheska, A; Thompson, L; Gabel, L",A Hybrid BCI for Robotic Device Navigation,"2024 58TH ANNUAL CONFERENCE ON INFORMATION SCIENCES AND SYSTEMS, CISS",brain-computer interface; biomedical signal processing; feature extraction and classification,,0,0,IEEE,NEW YORK,2024,http://dx.doi.org/10.1109/CISS59072.2024.10480176,Computer Science
"Brantley, JA; Paek, AY; Steele, AG; Contreras-Vidal, JL",Brain-Machine Interfaces for Upper and Lower Limb Prostheses,HANDBOOK OF NEUROENGINEERING,Brain-machine interface; Neuroprosthetic; Amputee; Prosthetic limb; Brain-controlled prosthesis; Motor intent; Motor imagery; Sensory feedback; Embodiment; Phantom limb,TARGETED MUSCLE REINNERVATION; RUBBER HAND ILLUSION; PHANTOM LIMB; SENSORY FEEDBACK; MYOELECTRIC CONTROL; COMPUTER INTERFACE; MOTOR IMAGERY; CORTICAL REORGANIZATION; SOMATOSENSORY FEEDBACK; PAIN,0,0,SPRINGER-VERLAG SINGAPORE PTE LTD,SINGAPORE,2023,http://dx.doi.org/10.1007/978-981-16-5540-1_35,Engineering; Neurosciences & Neurology
"Lee, C; An, J",Deep BCI of Pain Decoding from fNIRS,HHAI 2023: AUGMENTING HUMAN INTELLECT,Deep BCI; Pain decoding; fNIRS; Thermal QST; LSTM,BRAIN-STIMULATION,0,0,IOS PRESS,AMSTERDAM,2023,http://dx.doi.org/10.3233/FAIA230112,Computer Science
"Rusanu, OA; Rosca, IC",A LabVIEW Application Implemented for Simulating the Working Principle of the Brain-Computer Interface,ARTIFICIAL INTELLIGENCE AND ONLINE ENGINEERING,Brain-computer interface; Electroencephalographic signal; LabVIEW simulation,,0,0,SPRINGER INTERNATIONAL PUBLISHING AG,CHAM,2023,http://dx.doi.org/10.1007/978-3-031-17091-1_63,Computer Science; Education & Educational Research; Engineering
"Subramanian, A; Najafizadeh, L",Hierarchical Classification Strategy for Mitigating the Impact of The Presence of Pain in fNIRS-based BCIs,"2023 45TH ANNUAL INTERNATIONAL CONFERENCE OF THE IEEE ENGINEERING IN MEDICINE & BIOLOGY SOCIETY, EMBC",,,0,0,IEEE,NEW YORK,2023,http://dx.doi.org/10.1109/EMBC40787.2023.10341152,Computer Science; Engineering
"Bruurmijn, LCM; Raemaekers, M; Branco, MP; Vansteensel, MJ; Ramsey, NF",Decoding attempted phantom hand movements from ipsilateral sensorimotor areas after amputation,JOURNAL OF NEURAL ENGINEERING,sensorimotor cortex; amputee; attempted movement; brain-computer interface; functional MRI; machine learning,BRAIN-COMPUTER INTERFACE; PRIMARY MOTOR CORTEX; SOMATOSENSORY CORTEX; CEREBRAL-CORTEX; NERVOUS-SYSTEM; REPRESENTATIONS; SOMATOTOPY; DENSITY; SIGNALS; PAIN,0,1,IOP PUBLISHING LTD,BRISTOL,2021,http://dx.doi.org/10.1088/1741-2552/ac20e4,Engineering; Neurosciences & Neurology
"Lebedev, MA; Ossadtchi, A",Bidirectional Neural Interfaces,BRAIN-COMPUTER INTERFACES HANDBOOK: TECHNOLOGICAL AND THEORETICAL ADVANCES,,BRAIN-COMPUTER-INTERFACE; FUNCTIONAL ELECTRICAL-STIMULATION; MACHINE INTERFACES; CORTICAL CONTROL; MOTOR-IMAGERY; ELECTROCORTICOGRAPHIC SIGNALS; MENTAL PROSTHESIS; ARTIFICIAL VISION; ARM MOVEMENTS; BODY SCHEMA,0,0,CRC PRESS-TAYLOR & FRANCIS GROUP,BOCA RATON,2018,,Computer Science; Engineering; Rehabilitation
"Casas, DM; Gentiletti, GG; Braidot, AA",Somatic and movement inductions phantom limb in non-amputees,"20TH ARGENTINEAN BIOENGINEERING SOCIETY CONGRESS (XX ARGENTINE BIOENGINEERING CONGRESS AND IX CONFERENCE OF CLINICAL ENGINEERING), (SABI 2015)",,PERIPHERAL NERVOUS-SYSTEM; BRAIN-COMPUTER INTERFACE; MOTOR IMAGERY; HANDS,0,0,IOP PUBLISHING LTD,BRISTOL,2016,http://dx.doi.org/10.1088/1742-6596/705/1/012062,Science & Technology - Other Topics
"Sylaidi, A; Lourenco, P; Nageshwaran, S; Lin, CH; Rodriguez, M; Festenstein, R; Faisal, AA",f2MOVE: fMRI-compatible haptic object manipulation system for closed-loop motor control studies,2015 7TH INTERNATIONAL IEEE/EMBS CONFERENCE ON NEURAL ENGINEERING (NER),,MOVEMENTS; PRINCIPLES; STATISTICS; DYNAMICS; ERRORS,0,0,IEEE,NEW YORK,2015,,Engineering; Neurosciences & Neurology
"Kaushik, A; Smart, O",An eLORETA EEG Analysis to Spatially Resolve Real and Imagined Neuromotor Control,2014 IEEE CONFERENCE ON COMPUTATIONAL INTELLIGENCE IN BIOINFORMATICS AND COMPUTATIONAL BIOLOGY,exact low resolution brain electromagnetic tomography; source localization; motor control; motor imagery; electroencephalography; brain networks; human; pattern classification; support vector machine; linear discriminant analysis; nearest-neighbor,MOTOR IMAGERY; RESEARCH RESOURCE; LORETA ANALYSIS; BRAIN; BCI; ARTIFACTS; PHYSIONET; REMOVAL,0,0,IEEE,NEW YORK,2014,,Computer Science; Mathematical & Computational Biology
"Shoureshi, RA; Aasted, CM",Wearable Hybrid Sensor Array for Motor Cortex Monitoring,WEARABLE/WIRELESS BODY SENSOR NETWORKS FOR HEALTHCARE APPLICATIONS,Electroencephalography; near-infrared spectroscopy; artificial limb control; neural network,,0,0,TRANS TECH PUBLICATIONS LTD,DURNTEN-ZURICH,2013,http://dx.doi.org/10.4028/www.scientific.net/AST.85.23,Engineering; Materials Science
"Roy, R; Konar, A; Tibarewala, DN; Janarthanan, R",EEG driven model predictive position control of an artificial limb using neural net,2012 THIRD INTERNATIONAL CONFERENCE ON COMPUTING COMMUNICATION & NETWORKING TECHNOLOGIES (ICCCNT),ain-computer interface (BeT); Electroenc ephalogram (EEG); wavelet coefficients; ANN (Artificial Neural Network); Backpropagation; State feedback PT controller,EVENT-RELATED DESYNCHRONIZATION; BRAIN-COMPUTER INTERFACE; COMMUNICATION; MOVEMENTS,0,0,IEEE,NEW YORK,2012,,Computer Science; Telecommunications