"keyword","n_articles"
"BCI",101
"EEG",49
"motor_imagery",36
"gender_sex",30
"pain",21
"rehabilitation",17
"spinal_cord_injury",17
"male",16
"motor_cortex",15
"age_demographic",14
"pain_outcomes",11
"neuropathic_pain",10
"neurorehabilitation",10
"phantom_limb",10
"virtual_reality",9
"stroke",8
"FES",7
"demographic_representation",7
"motor_function_recovery",7
"neural_network",7
"ECoG",6
"cortical_control",6
"fNIRS",6
"functional_connectivity",6
"neurofeedback",6
"neuroprosthetics",6
"tetraplegia",6
"article",5
"hand",5
"machine_learning",5
"magnetoencephalography",5
"neuromodulation",5
"EMG",4
"artificial_intelligence",4
"brain",4
"brain_depth_stimulation",4
"brain_plasticity",4
"electrical_stimulation",4
"fMRI",4
"recovery",4
"signal_processing",4
"stimulation",4
"DBS",3
"P300",3
"activation",3
"amputee",3
"arm",3
"communication",3
"cortex",3
"deep_learning",3
"functional_mri",3
"locked_in_syndrome",3
"machine_interfaces",3
"modulation",3
"motor",3
"neuroplasticity",3
"neuroprosthesis",3
"parkinsons",3
"pathophysiology",3
"perception",3
"physiology",3
"quadriplegia",3
"restoration",3
"sensory_feedback",3
"somatosensory",3
"somatosensory_cortex",3
"CNN",2
"CSP",2
"LSTM",2
"SSVEP",2
"TMS",2
"adult",2
"anterior_cingulate_cortex",2
"body_schema",2
"brachial_plexus_injury",2
"brain_networks",2
"classification",2
"classification_accuracy",2
"clinical_article",2
"clinical_trials",2
"cognition",2
"computer_interface",2
"electrical_stimulations",2
"electrophysiology",2
"electrotherapy",2
"feature_extraction",2
"grasp",2
"guillain_barre_syndrome",2
"hands",2
"information",2
"interfaces_computer",2
"intracortical_microstimulation",2
"machine_interface",2
"microstimulation",2
"mrcp",2
"muscle",2
"neuronal_plasticity",2
"neurons",2
"prediction",2
"prefrontal_cortex",2
"premotor",2
"priorities",2
"priority_journal",2
"real",2
"review",2
"robotic_arm",2
"robotics",2
"sacral_nerve_stimulation",2
"sensorimotor_plasticity",2
"signals",2
"sparsity_based_classification",2
"stroke_rehabilitation",2
"support_vector_machine",2
"system",2
"tDCS",2
"tactile",2
"visualization",2
"wrist",2
"action_observation",1
"adaptation",1
"adaptive_brain_reading_interface",1
"affective_component",1
"ain_computer_interface_bet",1
"algorithm",1
"als_amyotrophic_lateral_sclerosis",1
"amplitude_modulation",1
"amplitude_modulator",1
"amyotrophic_lateral_sclerosis",1
"analgesia",1
"animals",1
"arithmetic_tasks",1
"arm_amputation",1
"artificial_limb_control",1
"artificial_vision",1
"assistive_devices",1
"audition",1
"augmented_reality",1
"avulsion_injury",1
"b_0_field",1
"backpropagation",1
"band_pass_filters",1
"basic_needs",1
"bereitschaftspotential",1
"bibliometric",1
"bidirectional",1
"bio_inspired_design",1
"bioelectric_medicine",1
"biomechanics",1
"bodily_experience",1
"body_ownership",1
"bold_signal",1
"brachial_plexus_neuropathies",1
"brain_computer_interfirce",1
"brain_controlled_prosthesis",1
"brain_cortex",1
"brain_machine_computer_interface",1
"brain_modeling",1
"brain_somatosensory_evoked_response",1
"brain_to_brain_interface",1
"brainwaves",1
"burden",1
"calculations",1
"canonical_correlation_analysis_cca",1
"cbda",1
"cells",1
"central_gait_pattern_generator",1
"central_nervous_system_injury",1
"central_nervous_systems",1
"cerebral_responses",1
"cerebrovascular_accident",1
"cervical_spinal_cord",1
"cervical_spine_fusion_anomalies",1
"cheeks",1
"circuit_based_neural_signature",1
"citespace",1
"classification_of_information",1
"classifier_learning_vector_quantizatio",1
"closed_loop",1
"closed_loop_control",1
"clustered_features",1
"co_space_algorithm",1
"cochlear_implants",1
"cognitive_task",1
"cognitive_tasks",1
"coherence_based_graph_convolutional_network",1
"complications",1
"computer_aided_diagnosis",1
"computer_games",1
"computer_interfaces",1
"computer_system",1
"computer_vision",1
"connectivity",1
"control_wheelchair",1
"controlled_study",1
"cortex_activity",1
"cortex_neurons",1
"cortical_activation",1
"cortical_activity",1
"cortical_stimulation",1
"corticomotor_excitability",1
"cross_disciplinary_research",1
"cross_over_studies",1
"cross_translational_research",1
"crossover_procedure",1
"cutaneous_sensation",1
"cyton_board",1
"daily_life_activity",1
"dataset",1
"decoding",1
"default_mode",1
"deisy_board",1
"depolarization",1
"depression",1
"diagnosis",1
"differential_gene_expression",1
"direct_cortical_electrical_stimulation",1
"disease_control",1
"distortion",1
"domain_feature",1
"dopamine_raclopride",1
"dynamic_programming",1
"dynamical_systems",1
"dynamics",1
"editorial",1
"eegnetv4",1
"electric_stimulation_therapy",1
"electrical_activities",1
"electrical_stimulators",1
"electrical_thermal_coupled_field_analysis",1
"electrode_implant",1
"electrodes",1
"electrodes_implanted",1
"electrostimulation",1
"elon_musk",1
"emotion",1
"emotion_regulation",1
"energy_transfer",1
"ensemble",1
"epi",1
"epidural_implant",1
"epilepsy",1
"erd",1
"erp",1
"erp_markers",1
"errors",1
"ethical_question",1
"euclidean_distance",1
"even_related_desynchronization",1
"event_related_desynchronization",1
"event_related_potentials_erp",1
"event_related_potentials_erps",1
"event_related_spectral_perturbation_ersp",1
"event_related_synchronisationdesynchronisation",1
"evoked_potential_response",1
"evoked_potentials",1
"exact_low_resolution_brain_electromagnetic_tomography",1
"excitability",1
"exoskeletons",1
"experience",1
"extensor_digitorum_communis",1
"feature_interaction_and_fusion",1
"feedback_control",1
"feedback_system",1
"fft_spectral_peaks",1
"flexor_carpi_radialis",1
"follow_up",1
"force_decoding",1
"force_matching_task",1
"force_topology_coupling_control",1
"foreign_body_reaction",1
"framework",1
"frequency_domain_analysis",1
"frequency_domain_parameters",1
"frequency_domains",1
"functional_electric_therapy",1
"functional_outcomes",1
"functional_priorities",1
"gait_velocity",1
"game",1
"gamma_rhythm",1
"gray_matter",1
"grip",1
"hand_and_elbow_neuroprosthesis",1
"hand_exoskeleton",1
"hand_gesture_analysis",1
"handedness",1
"haptic",1
"haptic_feedback",1
"haptic_interface",1
"headphones",1
"health",1
"hearing_loss",1
"histology",1
"ieee_transactions",1
"imagination",1
"imagined_sensation",1
"implants",1
"induction",1
"inductive_power_transmission",1
"information_throughput",1
"information_transfer_rate",1
"information_transmission_rate",1
"infrared_devices",1
"infrared_spectroscopy_signals",1
"infrared_thermography",1
"injury",1
"integrated_learning_algorithm",1
"integrated_team_science",1
"intent_recognition",1
"interhemispheric_asymmetry",1
"intracortical_recording",1
"invasive_neuromodulation",1
"labview_simulation",1
"lateralized_readiness_potential",1
"lfp",1
"limb_motor_excitability",1
"linear_discriminant_analysis",1
"linear_models",1
"local_field_potentials",1
"longest_common_subsequence",1
"low_frequency_neuronal_oscillations",1
"lower_limb_exoskeleton",1
"lumbar_regions",1
"mechanism",1
"medial_prefrontal_cortex",1
"medical_computing",1
"medium_k_nearest_neighbor_mknn",1
"microelectrode_implants",1
"migraine_disease",1
"mindfulness",1
"model",1
"models",1
"monetary_reward",1
"motion_imagination",1
"motivation",1
"motivational_states",1
"motor_decoding",1
"motor_dysfunction",1
"motor_evoked_potential",1
"motor_execution",1
"motor_intent",1
"motor_intention",1
"motor_output",1
"motor_potential",1
"motor_preparation",1
"motors",1
"mu_opioid_carfentanil",1
"multi_view_information",1
"multicellular_activity",1
"multimodal_stimulation",1
"multiple_linear_regression",1
"multiple_sclerosis",1
"multisensory_feedback",1
"multivariate_analysis",1
"muscle_contraction",1
"muscle_stimulation",1
"mvpa",1
"myoelectric_signals",1
"nao_robot",1
"national_natural_science_foundation_of_china_nsfc",1
"nature_inspired_optimization",1
"nearest_neighbor",1
"nerve_cell_plasticity",1
"nerve_excitability",1
"nerve_transfer",1
"network",1
"neural_coding",1
"neural_control",1
"neural_decoder",1
"neural_engineering",1
"neural_population_dynamics",1
"neural_prosthetics",1
"neuralink",1
"neurocomputation",1
"neurogenic_bladder",1
"neurology",1
"neuromodulation_not_in_mesh",1
"neuromuscular_electrical_stimulation",1
"neuromuscular_synapse",1
"neuron",1
"neuronal_ensemble",1
"neuroprostheses",1
"neurostimulation_therapy",1
"neurosurgery",1
"noise",1
"non_invasive_brain_stimulation",1
"noninvasive_brain_stimulation",1
"noninvasive_electrical_stimulation",1
"noninvasive_recording",1
"offset_analgesia",1
"open_source_software",1
"openbci",1
"operants",1
"optimization",1
"osteoarthritis",1
"outcome_measures",1
"pacemakers",1
"paralysis",1
"paraplegia",1
"paraplegic_patients",1
"pattern_classification",1
"people",1
"peripheral_nerve",1
"peripheral_nervous_system",1
"personality_traits",1
"perspective_taking",1
"phase_locking_value",1
"physical_activity",1
"physical_therapy",1
"physiological_functions",1
"pictionary",1
"plasticity",1
"poststroke",1
"potential_users",1
"potentials",1
"preserved_function",1
"prevalence",1
"principal_component_analysis",1
"principles",1
"proof_of_concept",1
"prosthetic_hand",1
"prosthetic_limb",1
"psychology",1
"publication",1
"quality_of_life",1
"randomized_controlled_trial",1
"range_of_motion_articular",1
"reach_to_grasp",1
"reaction_time",1
"real_time_systems",1
"recent_progress",1
"reduction",1
"registration",1
"release",1
"reliability",1
"removal",1
"reorganization",1
"resnet50",1
"right_hand",1
"robotic",1
"robust",1
"rtms",1
"safety",1
"same_limb",1
"screening",1
"self_controlled_practice",1
"sensorimotor_loop",1
"sensorimotor_processing",1
"sensory_prosthesis",1
"sensory_stimulation",1
"session_to_session_transfer",1
"shoulder_subluxation",1
"simulation",1
"single_blind_procedure",1
"single_channel",1
"skin",1
"skin_conductance",1
"social_support",1
"somatosensory_evoked_potential_sep",1
"somatosensory_stimulation",1
"somatotopic_plasticity",1
"somatotopy",1
"source_based_method",1
"source_localization",1
"spatial_transcriptomics",1
"speech",1
"spiking_activity",1
"spinal_cord",1
"spinal_cord_stimulation",1
"spinal_cords",1
"spinal_stimulation",1
"state_feedback_pt_controller",1
"statistical_model",1
"statistics",1
"strategies",1
"stump",1
"subband_filter",1
"support_vector_machine_svm",1
"support_vector_machines",1
"surgery",1
"svm",1
"tactile_attention",1
"tactile_event_related_desynchronization_erd",1
"task_analysis",1
"technological_innovation",1
"telecommunication",1
"temporal_dynamics",1
"tens",1
"thalamic_stimulation",1
"thermal",1
"thermal_qst",1
"theta_burst_stimulation",1
"thought",1
"tissue_response",1
"tongue_drive_system",1
"tongue_training",1
"tool",1
"touch",1
"transcutaneous_electrical_nerve_stimulation",1
"transcutaneous_electrical_stimulation",1
"transfer_learning",1
"transformer",1
"transient_dynamics",1
"translational_neuroscience",1
"traumatic_brain_injury",1
"trial",1
"trospium_chloride",1
"ulnar_nerve",1
"upper_extremity",1
"upper_limb",1
"validity",1
"variability",1
"velocity",1
"vibrations",1
"vibrotactile",1
"vibrotactile_stimuli",1
"video_game",1
"video_games",1
"virtual_glove",1
"visibility_graphs",1
"visual",1
"visual_analog_scale",1
"visual_cortex",1
"visual_targets",1
"visualization_analysis",1
"vosviewer",1
"walking",1
"want_opinions",1
"wave_activity",1
"wavelet_coefficients",1
"wearable_exoskeleton",1
"wireless_power_transfer",1
"working_memory",1
